pid,name,team,pos,mp,starts,mins,g,a,yc,rc,rating_best,xg,xa,shots,sot,passes,passAcc,keyPasses,touches,tackles,interceptions,aerials,dribbles,fouls,clearances,dispossessed,saves,ga,rating,pass_pct,xg_diff,xa_diff,xgi
300713,Kylian Mbappe,Real Madrid,FW,31,29,2718,25,3,4,0,10.0,22.19,5.0,146,63,998,863,65,1555,12,2,7,78,13,0,41,0,28,7.69,86,2.81,-2.0,27.19
480249,Lamine Yamal,Barcelona,AMR,28,26,2374,16,8,1,0,10.0,12.17,8.18,117,37,1349,1094,72,2158,46,10,0,133,28,3,40,0,24,8.23,81,3.83,-0.18,20.35
254352,Vedat Muriqi,Mallorca,FW,37,36,3357,23,0,4,1,9.4,18.88,1.33,116,50,703,456,23,1216,16,2,146,16,42,58,45,0,23,7.09,65,4.12,-1.33,20.21
337782,Vinicius Junior,Real Madrid,FWL,36,32,2920,16,4,8,0,10.0,13.06,4.91,101,46,1129,939,70,1894,42,2,0,87,38,1,44,0,20,7.34,83,2.94,-0.91,17.97
298839,Mikel Oyarzabal,Real Sociedad,FW,34,30,2870,15,4,3,0,9.1,14.57,3.43,79,36,777,597,42,1282,46,4,39,36,28,28,44,0,19,7.03,77,0.43,0.57,18.0
98126,Ante Budimir,Osasuna,FW,37,35,3062,17,0,4,0,8.9,16.8,1.48,103,41,393,236,16,869,25,6,124,3,52,46,34,0,17,6.82,60,0.2,-1.48,18.28
349760,Ferran Torres,Barcelona,FW,33,23,2040,16,1,2,0,9.9,14.34,1.51,69,37,471,357,23,740,15,3,25,9,13,10,21,0,17,6.89,76,1.66,-0.51,15.85
389020,Georges Mikautadze,Villarreal,FW,32,23,2194,13,4,1,0,8.5,13.23,1.99,65,32,399,302,28,782,10,5,10,33,13,6,30,0,17,6.86,76,-0.23,2.01,15.22
280060,Toni Martinez,Deportivo Alaves,FW,37,32,2825,14,2,2,0,9.8,11.27,1.68,93,36,670,392,24,1121,35,4,179,17,46,37,36,0,16,7.1,59,2.73,0.32,12.95
259042,Borja Iglesias,Celta Vigo,Sub,35,21,2010,14,2,7,0,8.0,11.07,1.15,46,26,456,333,17,737,17,1,19,12,38,17,34,0,16,6.57,73,2.93,0.85,12.22
300447,Raphinha,Barcelona,AML,22,18,1409,13,3,5,0,9.4,8.93,5.26,65,24,639,519,41,984,29,5,3,21,10,11,13,0,16,7.4,81,4.07,-2.26,14.19
29400,Robert Lewandowski,Barcelona,Sub,31,17,1788,14,1,2,0,9.1,13.26,1.06,63,29,333,268,14,580,14,3,25,9,13,20,24,0,15,6.78,80,0.74,-0.06,14.32
427283,Abde Ezzalzouli,Real Betis,Sub,29,26,2360,10,5,3,0,8.4,8.24,2.77,73,26,798,633,32,1429,78,16,31,39,28,14,44,0,15,7.19,79,1.76,2.23,11.01
239872,Nicolas Pepe,Villarreal,MR,36,26,2515,8,7,4,0,9.1,7.08,5.4,63,25,881,726,54,1485,53,16,18,59,23,24,43,0,15,7.13,82,0.92,1.6,12.48
300299,Marcus Rashford,Barcelona,Sub,32,18,1876,8,7,3,0,8.5,7.66,3.5,76,29,773,655,46,1271,13,2,4,30,10,14,27,0,15,6.87,85,0.34,3.5,11.16
302497,Alexander Srloth,Atletico Madrid,Sub,35,20,2126,13,0,4,1,8.9,10.15,0.85,68,35,425,289,10,737,20,0,94,10,30,25,29,0,13,6.69,68,2.85,-0.85,11.0
362501,Cucho Hernandez,Real Betis,FW,32,30,2676,11,2,5,0,8.8,10.07,2.25,89,27,656,471,34,1172,38,9,38,28,22,25,56,0,13,6.93,72,0.93,-0.25,12.32
448211,Alberto Moleiro,Villarreal,Sub,37,30,2563,10,3,4,0,9.0,5.95,2.91,46,20,814,644,37,1211,89,12,3,33,33,13,25,0,13,6.69,79,4.05,0.09,8.86
297203,Pablo Fornals,Real Betis,DMC,37,34,2947,9,4,2,0,8.4,4.66,4.65,44,19,1798,1559,85,2350,77,34,15,25,32,20,31,0,13,7.06,87,4.34,-0.65,9.31
364315,Antony,Real Betis,AMR,32,30,2538,8,5,6,1,9.4,8.46,4.46,90,34,1196,980,56,1708,63,24,7,27,20,17,23,0,13,7.03,82,-0.46,0.54,12.92
261212,Dani Olmo,Barcelona,Sub,33,24,2143,7,6,1,0,9.2,7.72,4.17,70,21,1215,1036,49,1630,48,14,20,16,27,23,23,0,13,7.03,85,-0.72,1.83,11.89
303800,Lucas Boye,Deportivo Alaves,Sub,29,22,2107,11,1,4,1,8.7,9.64,1.32,63,21,417,305,28,972,51,7,32,37,57,19,70,0,12,6.68,73,1.36,-0.32,10.96
362602,Gorka Guruzeta,Athletic Club,Sub,35,28,2504,10,2,6,1,8.3,9.97,1.57,84,32,522,351,26,921,37,12,78,7,49,18,15,0,12,6.64,67,0.03,0.43,11.54
408616,Akor Adams,Sevilla,FW,32,21,2230,10,2,3,0,8.3,9.5,0.88,61,30,357,228,13,664,11,1,56,16,36,26,33,0,12,6.55,64,0.5,1.12,10.38
396158,Ferran Jutgla,Celta Vigo,FW,30,21,1714,9,3,4,0,9.4,5.66,1.15,45,26,416,324,15,750,16,8,17,21,24,20,20,0,12,6.67,78,3.34,1.85,6.81
247995,Goncalo Guedes,Real Sociedad,Sub,32,22,1912,8,4,3,0,8.7,4.04,1.96,46,18,565,422,24,946,50,4,11,18,18,6,24,0,12,6.64,75,3.96,2.04,6.0
463838,Fermin Lopez,Barcelona,AMC,30,19,1887,6,6,3,0,10.0,6.27,3.63,68,25,890,778,34,1303,69,7,8,44,34,6,20,0,12,7.1,87,-0.27,2.37,9.9
415181,Arda Guler,Real Madrid,MC,33,25,2057,4,8,1,0,8.3,4.32,5.7,49,19,1345,1220,70,1801,67,9,4,27,21,9,16,0,12,7.07,91,-0.32,2.3,10.02
516341,Carlos Espi,Levante,Sub,25,13,1453,11,0,3,0,8.6,8.74,0.41,57,24,211,139,9,487,22,9,46,12,31,13,19,0,11,6.74,66,2.26,-0.41,9.15
386230,Jorge de Frutos,Rayo Vallecano,FW,36,31,2540,10,1,3,0,8.3,9.83,2.75,63,28,397,302,31,856,52,11,19,28,34,12,35,0,11,6.69,76,0.17,-1.75,12.58
80241,Antoine Griezmann,Atletico Madrid,Sub,34,13,1620,7,4,0,0,8.2,6.86,3.03,47,25,730,602,31,1056,25,8,11,9,4,13,9,0,11,6.64,82,0.14,0.97,9.89
445095,Karl Etta Eyong,Villarreal,FW,33,18,1812,7,4,3,0,8.1,9.04,1.5,50,24,283,195,15,637,31,6,34,11,32,18,35,0,11,6.55,69,-2.04,2.5,10.54
231125,Viktor Tsygankov,Girona,FWR,32,31,2738,6,5,3,0,8.9,5.57,2.66,51,21,1002,826,55,1533,47,20,32,27,22,29,25,0,11,6.93,82,0.43,2.34,8.23
97659,Gerard Moreno,Villarreal,FW,22,16,1397,10,0,0,0,8.7,6.12,2.1,39,16,568,450,23,796,33,4,19,17,14,17,18,0,10,7.02,79,3.88,-2.1,8.22
299460,Andre Silva,Elche,Sub,31,22,1955,10,0,3,0,8.2,8.93,1.06,57,29,496,389,22,832,30,5,25,14,24,19,38,0,10,6.55,78,1.07,-1.06,9.99
354526,Hugo Duro,Valencia,FW,36,22,2112,10,0,5,0,7.8,8.54,0.72,36,14,392,276,17,666,31,4,45,3,22,21,12,0,10,6.46,70,1.46,-0.72,9.26
484254,Federico Vinas,Real Oviedo,Sub,33,28,2564,9,1,7,3,9.3,8.46,1.69,57,21,517,372,27,1061,61,14,93,49,46,28,55,0,10,6.84,72,0.54,-0.69,10.15
410504,Vladyslav Vanat,Girona,FW,27,27,1981,9,1,4,0,7.9,7.94,1.25,27,18,273,213,12,461,9,3,17,9,28,16,14,0,10,6.48,78,1.06,-0.25,9.19
460772,Alvaro Rodriguez,Elche,FW,34,24,2335,7,3,2,0,9.1,9.53,2.32,76,24,537,346,33,1075,33,3,133,39,36,26,45,0,10,6.87,64,-2.53,0.68,11.85
448296,Roberto Fernandez,Espanyol,FW,38,25,2530,7,3,3,0,7.5,7.57,2.16,59,23,364,254,18,754,26,7,59,9,40,26,35,0,10,6.47,70,-0.57,0.84,9.73
444227,Williot Swedberg,Celta Vigo,FWL,29,13,1362,5,5,2,0,8.2,3.89,0.99,23,12,294,228,10,519,45,4,2,10,30,7,18,0,10,6.49,78,1.11,4.01,4.88
279320,Luis Milla,Getafe,MC,37,37,3511,1,9,4,1,8.6,1.27,4.87,27,4,1386,1080,78,2048,97,42,51,21,32,51,27,0,10,7.01,78,-0.27,4.13,6.14
428066,Orri Oskarsson,Real Sociedad,Sub,20,8,905,9,0,5,0,7.9,6.34,0.12,27,19,124,78,4,225,11,1,16,3,15,6,6,0,9,6.58,63,2.66,-0.12,6.46
365409,Julian Alvarez,Atletico Madrid,FW,29,22,1968,8,1,2,0,9.6,8.34,4.25,54,26,689,575,47,1080,36,3,5,26,14,5,33,0,9,6.95,83,-0.34,-3.25,12.59
79840,Kike Garcia,Espanyol,Sub,37,17,1880,8,1,3,0,8.0,8.85,1.54,60,27,389,252,20,740,23,6,90,9,32,20,21,0,9,6.54,65,-0.85,-0.54,10.39
468931,Carlos Romero,Espanyol,DL,36,36,3394,6,3,4,0,9.5,3.01,2.87,42,12,1011,802,27,1946,129,40,14,49,41,73,29,0,9,6.99,79,2.99,0.13,5.88
344644,Federico Valverde,Real Madrid,MC,33,31,2890,5,4,3,1,8.5,2.32,3.65,51,22,1904,1716,43,2324,52,24,22,23,18,51,8,0,9,7.13,90,2.68,0.35,5.97
422918,Giuliano Simeone,Atletico Madrid,AMR,31,25,2162,4,5,3,0,8.8,4.57,3.77,36,14,946,774,29,1424,85,18,26,29,21,11,28,0,9,6.85,82,-0.57,1.23,8.34
390240,German Valera,Elche,FWR,36,33,2974,4,5,5,1,8.1,2.51,3.65,28,8,1151,1007,45,1887,68,23,12,38,40,44,30,0,9,6.8,87,1.49,1.35,6.16
135345,Alvaro Garcia,Rayo Vallecano,AML,32,23,2204,4,5,3,0,8.2,5.9,4.79,47,19,521,356,41,886,43,13,13,4,19,27,9,0,9,6.59,68,-1.9,0.21,10.69
381713,Luis Rioja,Valencia,MR,37,31,2750,3,6,1,0,8.0,2.53,3.3,43,5,837,658,38,1389,70,18,4,36,13,34,27,0,9,6.66,79,0.47,2.7,5.83
255182,Inaki Williams,Athletic Club,AMR,30,25,2253,3,6,2,0,8.5,6.83,3.05,57,20,496,344,25,914,24,8,30,12,28,14,34,0,9,6.47,69,-3.83,2.95,9.88
300369,Rafa Mir,Elche,Sub,27,21,1879,8,0,4,0,8.9,7.51,0.75,69,36,415,332,9,693,24,5,19,5,39,19,25,0,8,6.64,80,0.49,-0.75,8.26
391562,Samu Costa,Mallorca,Sub,34,31,2844,7,1,11,0,8.2,3.6,0.87,39,16,1268,1013,17,1864,101,26,78,14,64,90,32,0,8,6.84,80,3.4,0.13,4.47
407567,Ivan Romero,Levante,FW,32,28,2311,7,1,5,0,8.2,7.97,1.64,59,18,534,391,25,1117,54,12,30,37,40,9,55,0,8,6.67,73,-0.97,-0.64,9.61
140772,Pere Milla,Espanyol,Sub,33,24,2081,7,1,6,1,7.7,7.04,2.03,59,21,534,382,34,929,74,18,23,11,24,21,28,0,8,6.59,72,-0.04,-1.03,9.07
371027,Tajon Buchanan,Villarreal,Sub,34,21,1909,7,1,8,0,10.0,2.05,1.49,27,11,466,379,16,895,44,21,3,21,18,16,28,0,8,6.57,81,4.95,-0.49,3.54
379868,Jude Bellingham,Real Madrid,Sub,28,22,1997,6,2,3,0,8.5,6.96,1.67,51,26,1177,1050,36,1629,64,14,35,37,33,18,33,0,8,7.24,89,-0.96,0.33,8.63
408449,Nico Williams,Athletic Club,AML,25,20,1716,6,2,2,0,9.5,5.26,3.76,46,16,567,439,34,1118,34,7,8,67,26,9,32,0,8,6.91,77,0.74,-1.76,9.02
495542,Ilyas Chaira,Real Oviedo,AML,36,30,2573,6,2,2,1,8.1,6.3,1.34,80,35,663,552,18,1289,78,5,21,34,53,11,36,0,8,6.58,83,-0.3,0.66,7.64
91242,Iago Aspas,Celta Vigo,FWR,32,11,1273,5,3,3,0,8.1,4.19,2.8,28,12,635,499,31,841,27,12,3,12,5,2,17,0,8,6.56,79,0.81,0.2,6.99
317630,Djibril Sow,Sevilla,MC,33,27,2280,5,3,6,0,7.5,1.69,1.24,19,8,950,846,24,1227,53,22,15,7,42,9,8,0,8,6.47,89,3.31,1.76,2.93
445092,Pablo Torre,Mallorca,AMC,35,19,1698,4,4,4,0,8.8,2.38,1.95,25,12,803,683,35,1166,41,9,7,16,29,13,18,0,8,6.51,85,1.62,2.05,4.33
381550,Ruben Vargas,Sevilla,AMC,24,20,1643,3,5,2,0,7.9,2.76,2.01,41,8,561,410,28,950,29,7,20,21,13,13,18,0,8,6.62,73,0.24,2.99,4.77
402197,Pedri,Barcelona,DMC,29,23,2202,2,6,2,1,8.2,2.26,3.45,21,10,2055,1882,63,2469,82,24,10,38,9,23,29,0,8,7.25,92,-0.26,2.55,5.71
383924,Raul Garcia,Osasuna,Sub,36,6,1264,7,0,2,1,8.0,5.47,0.86,39,23,234,157,12,448,18,7,40,15,12,16,18,0,7,6.43,67,1.53,-0.86,6.33
548106,Victor Munoz,Osasuna,Sub,34,31,2772,6,1,3,0,8.3,6.06,2.74,81,31,623,503,27,1394,40,9,17,75,32,20,57,0,7,6.82,81,-0.06,-1.74,8.8
344542,Brais Mendez,Real Sociedad,AMC,29,21,1730,6,1,5,1,7.9,5.94,1.83,36,16,878,720,25,1267,45,7,30,21,43,9,20,0,7,6.71,82,0.06,-0.83,7.77
303016,Mauro Arambarri,Getafe,MC,37,37,3437,6,1,7,0,7.9,7.33,0.61,59,19,799,604,22,1417,104,23,57,31,60,34,47,0,7,6.68,76,-1.33,0.39,7.94
388665,Largie Ramazani,Valencia,Sub,27,11,1374,6,1,4,0,7.9,6.42,1.74,51,19,315,234,16,636,27,14,3,22,17,8,34,0,7,6.51,74,-0.42,-0.74,8.16
400237,Robert Navarro,Athletic Club,Sub,32,10,1454,6,1,1,0,7.5,3.03,1.62,21,10,416,336,24,769,20,7,9,23,18,9,31,0,7,6.45,81,2.97,-0.62,4.65
498798,Gonzalo Garcia,Real Madrid,Sub,30,9,1088,6,1,2,0,9.4,4.18,1.15,21,11,241,205,13,378,17,3,21,3,9,9,9,0,7,6.43,85,1.82,-0.15,5.33
392361,Azzedine Ounahi,Girona,MC,24,20,1839,5,2,7,0,9.0,3.86,3.15,51,19,907,778,35,1450,46,16,6,69,18,9,40,0,7,7.16,86,1.14,-1.15,7.01
313542,Carlos Soler,Real Sociedad,Sub,33,26,2428,4,3,3,1,8.3,2.97,3.05,35,19,1195,1033,46,1539,56,15,8,13,28,26,18,0,7,6.69,86,1.03,-0.05,6.02
431507,Javi Guerra,Valencia,MC,36,25,2180,4,3,3,0,8.9,3.36,1.67,31,12,980,799,32,1402,54,24,14,26,28,25,35,0,7,6.6,82,0.64,1.33,5.03
362735,Santi Comesana,Villarreal,MC,34,28,2536,3,4,5,1,8.1,4.2,2.67,27,7,1208,1005,27,1617,71,29,35,11,43,54,27,0,7,6.69,83,-1.2,1.33,6.87
119189,Ruben Garcia,Osasuna,AMC,35,28,2317,2,5,6,0,8.7,2.4,3.59,31,10,828,658,44,1315,82,17,23,18,36,22,21,0,7,6.7,79,-0.4,1.41,5.99
463588,Javi Rueda,Celta Vigo,DMR,26,16,1482,2,5,6,0,7.6,1.27,2.35,11,3,532,407,14,920,28,21,8,21,25,33,6,0,7,6.66,77,0.73,2.65,3.62
398922,Tyrhys Dolan,Espanyol,Sub,36,28,2504,2,5,7,1,8.0,2.44,3.29,34,12,555,463,32,1163,79,18,10,35,37,14,34,0,7,6.6,83,-0.44,1.71,5.73
403803,Martin Satriano,Getafe,FW,18,18,1694,6,0,5,0,8.8,3.15,0.97,35,14,368,238,15,753,32,9,41,25,21,18,37,0,6,6.96,65,2.85,-0.97,4.12
399047,Pape Gueye,Villarreal,MC,30,26,2207,5,1,8,0,8.5,4.35,1.9,47,13,1079,870,24,1501,48,34,24,15,35,59,21,0,6,6.79,81,0.65,-0.9,6.25
135366,Ayoze Perez,Villarreal,Sub,25,12,1196,5,1,4,0,9.6,5.19,1.12,24,11,256,194,16,496,30,4,15,13,17,9,27,0,6,6.54,76,-0.19,-0.12,6.31
372469,Sergio Camello,Rayo Vallecano,Sub,22,8,900,5,1,2,1,8.1,4.03,0.68,27,14,218,178,17,391,16,3,4,17,8,0,22,0,6,6.45,82,0.97,0.32,4.71
349494,Aitor Ruibal,Real Betis,AMR,27,20,1901,4,2,6,1,9.0,3.05,1.27,31,12,698,577,19,1149,72,21,7,15,32,45,19,0,6,6.66,83,0.95,0.73,4.32
427001,Hugo Alvarez,Celta Vigo,Sub,28,15,1440,4,2,2,0,7.6,2.1,1.46,14,8,610,522,25,876,25,10,1,16,16,9,14,0,6,6.49,86,1.9,0.54,3.56
297546,Umar Sadiq,Real Sociedad,Sub,25,10,1197,4,2,4,0,7.7,4.61,1.05,29,10,179,122,10,440,12,1,27,15,32,5,34,0,6,6.39,68,-0.61,0.95,5.66
367857,Ander Barrenetxea,Real Sociedad,AML,30,22,1837,3,3,5,0,7.8,2.57,3.6,34,11,726,583,44,1258,46,15,9,55,37,11,33,0,6,6.73,80,0.43,-0.6,6.17
422959,Isi Palazon,Rayo Vallecano,AMR,31,27,2324,3,3,10,1,8.2,5.78,2.89,53,16,872,719,39,1407,52,3,21,23,36,23,41,0,6,6.57,82,-2.78,0.11,8.67
377285,Takefusa Kubo,Real Sociedad,AMR,24,17,1572,2,4,2,0,8.8,2.36,3.28,28,12,489,388,32,894,44,11,7,37,9,10,17,0,6,6.8,79,-0.36,0.72,5.64
438351,Martim Neto,Elche,Sub,25,15,1415,2,4,2,0,7.8,1.16,1.96,12,4,602,529,25,842,32,2,5,21,18,13,16,0,6,6.48,88,0.84,2.04,3.12
335696,Edu Exposito,Espanyol,DMC,36,32,2603,1,5,9,0,8.1,2.67,4.83,44,13,1016,775,82,1671,77,23,18,34,28,36,40,0,6,6.93,76,-1.67,0.17,7.5
279423,Frenkie de Jong,Barcelona,DMC,25,16,1754,1,5,6,1,8.5,0.93,2.36,7,2,1502,1415,35,1697,55,17,8,5,10,15,12,0,6,6.86,94,0.07,2.64,3.29
413346,Jon Olasagasti,Levante,Sub,33,18,1916,1,5,3,1,7.7,2.42,2.37,28,9,666,504,36,1043,47,14,29,12,20,23,18,0,6,6.55,76,-1.42,2.63,4.79
345322,Nico Gonzalez,Atletico Madrid,ML,24,18,1561,5,0,4,1,8.7,4.66,1.72,43,20,534,406,12,890,40,12,50,24,28,27,20,0,5,6.87,76,0.34,-1.72,6.38
462861,Carlos Vicente,Deportivo Alaves,MR,21,11,1354,5,0,1,0,7.5,3.68,2.1,12,6,472,378,26,858,48,7,11,11,12,14,6,0,5,6.68,80,1.32,-2.1,5.78
24400,Cristhian Stuani,Girona,FW,21,1,521,5,0,4,0,7.4,5.33,0.21,19,12,64,42,2,127,8,1,18,2,12,3,3,0,5,6.25,66,-0.33,-0.21,5.54
463821,Alberto Reina,Real Oviedo,DMC,37,31,2609,4,1,6,1,8.3,3.17,1.74,24,11,1040,888,34,1418,60,19,17,15,37,14,22,0,5,6.46,85,0.83,-0.74,4.91
25244,Alexis Sanchez,Sevilla,Sub,28,11,1436,4,1,3,0,7.2,3.01,1.37,25,9,444,331,26,696,38,7,14,8,16,4,15,0,5,6.36,75,0.99,-0.37,4.38
433488,Kervin Arriaga,Levante,Sub,27,16,1675,3,2,8,1,8.5,1.26,0.55,16,6,716,593,7,1004,51,14,47,8,21,61,18,0,5,6.63,83,1.74,1.45,1.81
323625,Arnaut Danjuma,Valencia,Sub,30,18,1744,3,2,0,0,7.6,4.9,2.65,36,14,392,304,17,689,19,2,8,27,21,6,15,0,5,6.44,78,-1.9,-0.65,7.55
409467,Antonio Blanco,Deportivo Alaves,DMC,36,36,3297,2,3,9,0,8.3,1.43,1.36,40,13,1836,1570,22,2391,158,54,35,24,71,41,37,0,5,6.8,86,0.57,1.64,2.79
395242,Alex Baena,Atletico Madrid,AMC,27,21,1612,2,3,5,0,7.8,1.72,4.92,29,7,728,590,46,1113,29,16,7,14,26,12,24,0,5,6.71,81,0.28,-1.92,6.64
238899,Alex Berenguer,Athletic Club,AMC,31,25,2243,2,3,4,0,8.4,4.18,4.08,44,20,768,591,49,1382,50,13,31,23,27,18,45,0,5,6.64,77,-2.18,-1.08,8.26
125211,Hector Bellerin,Real Betis,DR,27,20,1938,2,3,2,0,7.9,0.47,2.56,7,5,1028,907,24,1447,50,14,17,7,15,70,8,0,5,6.62,88,1.53,0.44,3.03
409030,Ilaix Moriba,Celta Vigo,MC,36,26,2673,2,3,8,0,8.3,1.95,1.22,18,5,1045,924,17,1471,110,26,15,13,40,32,23,0,5,6.59,88,0.05,1.78,3.17
106596,Sergi Darder,Mallorca,AML,38,30,2816,1,4,3,0,8.5,2.19,3.54,36,13,1159,980,58,1659,44,26,8,34,21,18,19,0,5,6.74,85,-1.19,0.46,5.73
388808,Pablo Martinez,Levante,MC,27,21,1936,1,4,3,0,8.8,1.81,3.53,28,4,689,540,36,1024,31,20,14,14,31,29,17,0,5,6.65,78,-0.81,0.47,5.34
317541,Brahim Diaz,Real Madrid,FWR,30,13,1350,1,4,2,0,8.1,1.33,1.94,15,7,531,481,30,795,17,2,2,25,19,4,32,0,5,6.55,91,-0.33,2.06,3.27
355110,Sergio Gomez,Real Sociedad,Sub,35,30,2853,0,5,5,1,7.7,0.95,4.92,12,0,1510,1308,45,2304,130,31,21,13,45,72,7,0,5,6.74,87,-0.95,0.08,5.87
303876,Guido Rodriguez,Valencia,Sub,16,14,1419,4,0,4,0,8.5,0.81,0.47,15,5,707,615,7,950,61,10,19,10,21,40,17,0,4,6.98,87,3.19,-0.47,1.28
299451,Ademola Lookman,Atletico Madrid,FW,12,9,635,4,0,1,0,7.2,4.42,0.89,21,5,183,152,10,291,7,1,2,7,7,0,14,0,4,6.49,83,-0.42,-0.89,5.31
278721,Borja Mayoral,Getafe,Sub,16,12,1119,4,0,0,0,7.8,2.83,0.07,15,7,264,214,5,389,9,5,15,6,6,5,18,0,4,6.41,81,1.17,-0.07,2.9
381510,Oihan Sancet,Athletic Club,Sub,28,22,1881,4,0,4,1,8.0,5.97,1.12,48,15,595,484,27,907,33,4,19,16,28,9,31,0,4,6.38,81,-1.97,-1.12,7.09
492362,Isaac Romero,Sevilla,Sub,29,18,1563,4,0,4,1,7.8,5.23,0.59,41,14,336,243,14,676,24,6,23,10,29,19,32,0,4,6.33,72,-1.23,-0.59,5.82
422656,Diego Lopez,Valencia,ML,34,20,1902,4,0,2,0,7.7,3.04,1.78,28,8,513,393,17,837,39,10,25,13,20,11,18,0,4,6.33,77,0.96,-1.78,4.82
436617,Alemao,Rayo Vallecano,Sub,26,11,1227,4,0,3,0,7.4,3.71,0.19,26,12,185,127,7,381,14,1,19,7,23,13,16,0,4,6.28,69,0.29,-0.19,3.9
383780,Adrian de la Fuente,Levante,DC,33,30,2904,3,1,5,0,9.4,4.06,1.82,39,9,1491,1224,18,2002,38,48,41,7,35,179,3,0,4,6.83,82,-1.06,-0.82,5.88
374638,Alejandro Catena,Osasuna,DC,35,35,3265,3,1,11,1,7.9,2.2,0.86,19,4,1696,1451,12,2131,52,33,81,6,46,215,4,0,4,6.72,86,0.8,0.14,3.06
361732,Thiago Almada,Atletico Madrid,AML,27,16,1439,3,1,2,1,8.1,3.18,2.11,21,10,689,597,28,964,51,8,5,21,13,6,20,0,4,6.54,87,-0.18,-1.11,5.29
407080,Luka Sucic,Real Sociedad,MC,22,10,1113,3,1,1,0,7.9,1.64,0.35,23,7,463,368,9,640,28,5,16,14,11,15,16,0,4,6.53,79,1.36,0.65,1.99
406937,Carlos Alvarez,Levante,Sub,30,23,1977,3,1,3,0,8.4,2.59,3.14,30,11,656,531,40,1051,44,13,4,19,22,6,33,0,4,6.48,81,0.41,-2.14,5.73
444242,Joel Roca,Girona,MC,32,16,1594,3,1,4,1,7.7,4.47,1.81,48,16,382,318,16,815,38,2,5,37,14,14,30,0,4,6.37,83,-1.47,-0.81,6.28
381583,Iker Losada,Levante,Sub,23,10,977,3,1,1,0,7.4,1.84,0.66,14,4,227,162,11,379,23,11,3,6,6,10,4,0,4,6.36,71,1.16,0.34,2.5
86513,Cedric Bakambu,Real Betis,Sub,18,5,645,3,1,1,0,7.5,3.51,0.37,21,9,90,69,4,178,4,2,9,1,11,9,7,0,4,6.29,77,-0.51,0.63,3.88
128967,Joao Cancelo,Barcelona,Sub,16,11,1007,2,2,1,0,8.4,0.75,1.51,13,4,546,476,15,808,42,10,7,25,11,17,6,0,4,7.1,87,1.25,0.49,2.26
444239,Arnau Martinez,Girona,DR,35,33,2783,2,2,6,0,8.1,1.38,1.41,19,4,1428,1217,24,2088,93,41,34,13,24,124,18,0,4,6.85,85,0.62,0.59,2.79
303908,Giovani Lo Celso,Real Betis,AMC,24,15,1451,2,2,4,0,8.1,2.67,1.7,30,11,865,761,33,1158,31,6,10,16,9,7,20,0,4,6.7,88,-0.67,0.3,4.37
511064,Oso,Sevilla,DL,21,14,1490,2,2,0,0,8.0,1.45,0.9,17,8,441,333,21,810,42,7,15,17,12,17,13,0,4,6.63,76,0.55,1.1,2.35
115996,Omar Mascarell,Mallorca,Sub,30,26,2366,2,2,5,0,8.4,0.46,0.13,7,3,1082,930,8,1396,66,35,30,6,38,84,4,0,4,6.62,86,1.54,1.87,0.59
303728,Nahuel Molina,Atletico Madrid,Sub,26,13,1460,2,2,4,0,7.8,0.61,1.19,14,4,699,563,21,1081,61,13,7,15,14,32,8,0,4,6.6,81,1.39,0.81,1.8
581683,Jan Virgili,Mallorca,Sub,31,19,1927,2,2,0,1,8.4,2.02,1.87,32,16,407,308,30,854,29,7,14,49,22,9,35,0,4,6.59,76,-0.02,0.13,3.89
463233,Mateo Joseph,Mallorca,Sub,29,19,1788,2,2,2,0,7.8,4.91,0.76,33,14,302,246,13,656,44,12,10,18,19,24,36,0,4,6.47,81,-2.91,1.24,5.67
336251,Kike Barja,Osasuna,Sub,27,2,602,2,2,4,0,7.5,1.1,1.02,8,4,123,91,11,290,9,2,7,6,11,5,11,0,4,6.26,74,0.9,0.98,2.12
301019,Jules Kounde,Barcelona,Sub,30,24,2385,1,3,6,0,8.2,1.72,3.16,14,4,1922,1760,23,2484,69,30,35,21,23,55,23,0,4,6.96,92,-0.72,-0.16,4.88
506205,Angel Perez,Deportivo Alaves,Sub,16,14,1373,1,3,4,0,8.4,1.05,1.87,14,4,469,351,24,831,28,10,1,20,16,26,7,0,4,6.7,75,-0.05,1.13,2.92
448209,Sergi Cardona,Villarreal,DL,31,20,2098,1,3,4,0,8.2,0.94,2.15,18,5,739,603,20,1324,75,36,20,4,28,58,8,0,4,6.65,82,0.06,0.85,3.09
347862,Rodrygo,Real Madrid,AML,19,6,762,1,3,3,0,8.9,2.4,1.71,27,11,324,294,17,542,19,3,0,18,5,4,9,0,4,6.65,91,-1.4,1.29,4.11
397469,Oscar Mingueza,Celta Vigo,DMR,34,21,2100,1,3,4,0,8.3,0.49,3.72,14,5,1237,1051,30,1743,76,9,15,15,15,38,15,0,4,6.62,85,0.51,-0.72,4.21
129620,Jeremy Toljan,Levante,DR,37,37,3332,1,3,8,0,8.1,0.64,3.39,9,1,1131,874,28,1847,89,31,13,6,33,93,10,0,4,6.57,77,0.36,-0.39,4.03
422956,Jose Angel Carmona,Sevilla,DL,35,29,2738,1,3,13,0,8.1,0.91,1.33,20,3,1164,946,22,1894,110,39,45,19,49,71,12,0,4,6.57,81,0.09,1.67,2.24
447835,Abde Rebbach,Deportivo Alaves,Sub,30,15,1633,1,3,8,0,8.1,2.51,2.67,34,12,461,367,30,947,66,15,9,18,40,23,19,0,4,6.55,80,-1.51,0.33,5.18
372331,Andrei Ratiu,Rayo Vallecano,DR,35,31,3018,0,4,9,0,8.4,2.12,3.8,31,9,1320,1085,43,2299,91,38,22,63,22,80,45,0,4,7.0,82,-2.12,0.2,5.92
254582,Marcos Llorente,Atletico Madrid,DR,29,25,2325,0,4,7,1,7.9,1.57,2.78,18,6,1432,1281,20,1893,80,12,10,13,28,53,8,0,4,6.72,89,-1.57,1.22,4.35
446729,Thiago Fernandez,Real Oviedo,Sub,16,9,851,0,4,4,0,7.2,0.59,1.97,13,5,254,205,10,477,22,5,2,20,7,3,24,0,4,6.42,81,-0.59,2.03,2.56
73265,Leandro Cabrera,Espanyol,DC,37,37,3560,3,0,4,0,8.5,2.44,1.17,40,12,1511,1215,11,1984,56,26,106,6,37,218,5,0,3,6.74,80,0.56,-1.17,3.61
384711,Ronald Araujo,Barcelona,DC,24,11,1169,3,0,2,0,7.8,2.08,0.14,12,5,838,771,3,993,22,9,39,0,17,38,1,0,3,6.55,92,0.92,-0.14,2.22
408030,Luis Vazquez,Getafe,FW,17,14,1224,3,0,2,0,7.4,1.96,0.3,25,9,207,118,5,415,8,4,46,3,21,12,18,0,3,6.55,57,1.04,-0.3,2.26
132962,Thomas Lemar,Girona,Sub,27,14,1325,3,0,4,0,7.8,1.74,0.97,17,8,658,580,19,942,43,5,2,20,19,2,33,0,3,6.51,88,1.26,-0.97,2.71
349660,Manu Morlanes,Mallorca,DMC,32,22,1894,3,0,5,1,8.2,1.82,0.84,13,4,947,846,17,1193,81,19,13,8,28,22,14,0,3,6.46,89,1.18,-0.84,2.66
422960,Randy Nteka,Rayo Vallecano,Sub,13,3,436,3,0,3,0,8.6,3.0,0.09,13,6,91,72,4,186,7,0,20,4,11,12,7,0,3,6.43,79,0.0,-0.09,3.09
519104,Adrian Liso,Getafe,FW,28,21,1779,3,0,5,1,8.5,2.36,0.22,26,10,274,189,4,675,48,4,36,15,39,7,26,0,3,6.33,69,0.64,-0.22,2.58
337879,Eder Militao,Real Madrid,DC,16,14,1203,2,1,2,0,8.4,1.15,0.62,21,9,767,697,8,951,26,11,26,3,15,52,1,0,3,7.14,91,0.85,0.38,1.77
437583,Alvaro Carreras,Real Madrid,DL,28,26,2450,2,1,5,1,9.1,0.47,0.87,9,3,1723,1561,29,2318,61,39,32,19,22,60,21,0,3,6.95,91,1.53,0.13,1.34
468852,Dean Huijsen,Real Madrid,DC,28,24,2195,2,1,7,1,7.8,1.97,0.93,20,5,1661,1492,10,1954,37,19,50,2,21,129,2,0,3,6.89,90,0.03,0.07,2.9
381643,Aleix Febas,Elche,MC,36,36,3336,2,1,10,0,8.4,1.73,1.61,23,8,1958,1753,27,2577,105,27,6,52,34,22,47,0,3,6.77,90,0.27,-0.61,3.34
301034,Eray Comert,Valencia,Sub,17,15,1447,2,1,3,1,7.9,0.63,0.37,11,3,799,686,6,999,34,20,17,0,9,88,1,0,3,6.74,86,1.37,0.63,1.0
422963,Pathe Ciss,Rayo Vallecano,DMC,29,20,2190,2,1,9,2,8.2,3.19,0.2,20,8,1192,1063,12,1507,65,36,34,9,30,78,11,0,3,6.73,89,-1.19,0.8,3.39
80764,Koke,Atletico Madrid,Sub,34,24,2364,2,1,6,0,8.0,0.83,3.27,14,4,1907,1753,35,2205,81,18,13,3,21,25,18,0,3,6.67,92,1.17,-2.27,4.1
386622,Sergio Carreira,Celta Vigo,DML,34,29,2866,2,1,2,0,7.8,1.58,1.52,16,7,1510,1289,19,2124,44,25,11,26,20,65,14,0,3,6.62,85,0.42,-0.52,3.1
395708,Victor Garcia,Levante,MR,21,12,1099,2,1,1,0,8.1,1.88,0.9,19,8,294,224,14,557,29,10,14,13,13,15,7,0,3,6.56,76,0.12,0.1,2.78
534796,Marc Bernal,Barcelona,Sub,22,9,870,2,1,5,0,8.1,1.03,0.35,7,2,590,543,5,734,35,12,15,11,16,19,7,0,3,6.54,92,0.97,0.65,1.38
483206,Hector Fort,Elche,Sub,14,7,529,2,1,0,0,7.5,1.05,0.1,12,5,162,135,4,289,15,6,6,8,5,10,8,0,3,6.54,83,0.95,0.9,1.15
119822,Neal Maupay,Sevilla,FW,12,10,895,2,1,2,0,7.5,1.79,0.25,17,7,199,163,14,321,7,1,9,4,15,2,14,0,3,6.46,82,0.21,0.75,2.04
471047,Mario Martin,Getafe,MC,35,26,2218,2,1,11,0,7.4,2.49,0.73,27,6,569,416,8,1011,88,15,75,14,72,29,33,0,3,6.41,73,-0.49,0.27,3.22
464952,Peque Fernandez,Sevilla,Sub,26,12,1085,2,1,8,0,7.5,0.74,0.34,15,6,364,296,15,596,23,1,17,18,15,2,15,0,3,6.38,81,1.26,0.66,1.08
382157,Pol Lozano,Espanyol,DMC,33,28,2253,2,1,12,1,7.3,0.73,1.41,17,5,946,822,23,1237,68,22,11,3,64,26,14,0,3,6.36,87,1.27,-0.41,2.14
459082,Pablo Duran,Celta Vigo,Sub,30,17,1530,2,1,1,0,7.3,3.83,1.14,37,15,362,261,10,580,25,6,13,7,15,15,14,0,3,6.31,72,-1.83,-0.14,4.97
444265,Fran Perez,Rayo Vallecano,Sub,29,12,1337,2,1,4,0,7.5,2.38,1.32,17,8,304,250,13,557,29,2,1,14,18,7,16,0,3,6.26,82,-0.38,-0.32,3.7
445292,Tani Oluwaseyi,Villarreal,Sub,27,9,1001,2,1,1,0,7.3,3.28,0.44,16,7,112,71,6,273,13,1,22,9,11,8,21,0,3,6.24,63,-1.28,0.56,3.72
368091,Eric Garcia,Barcelona,DR,34,32,2826,1,2,6,0,7.8,2.42,1.61,25,7,2349,2165,31,2825,97,48,44,2,33,78,11,0,3,7.03,92,-1.42,0.39,4.03
294848,Pablo Maffeo,Mallorca,Sub,31,30,2780,1,2,10,0,8.9,0.23,1.12,7,1,932,713,20,1688,87,36,31,34,26,98,12,0,3,6.94,77,0.77,0.88,1.35
408735,Juan Iglesias,Getafe,DC,37,36,3375,1,2,4,0,8.0,1.15,1.54,26,5,864,556,18,1987,162,25,32,30,63,141,17,0,3,6.81,64,-0.15,0.46,2.69
108100,Pedro Bigas,Elche,DC,28,25,2226,1,2,5,1,8.3,0.77,0.75,10,3,1502,1333,15,1914,53,29,50,4,25,107,7,0,3,6.72,89,0.23,1.25,1.52
106586,Inigo Ruiz de Galarreta,Athletic Club,DMC,34,30,2251,1,2,10,0,8.0,0.88,2.45,20,2,1240,1023,30,1685,84,23,25,34,54,21,24,0,3,6.67,82,0.12,-0.45,3.33
119817,Jose Gaya,Valencia,DL,32,31,2630,1,2,6,1,7.7,0.8,2.05,13,3,924,775,25,1522,88,23,23,11,31,86,6,0,3,6.64,84,0.2,-0.05,2.85
276489,Alfonso Pedraza,Villarreal,Sub,27,19,1787,1,2,8,0,7.9,1.0,2.27,11,3,603,476,21,1075,56,29,3,20,27,39,15,0,3,6.63,79,0.0,-0.27,3.27
374813,Manu Sanchez,Levante,DL,33,31,2975,1,2,8,0,8.1,0.83,1.31,13,4,919,749,17,1635,114,32,21,12,35,82,14,0,3,6.61,82,0.17,0.69,2.14
448468,Pep Chavarria,Rayo Vallecano,DL,33,29,2880,1,2,6,1,8.1,0.78,2.78,18,3,1278,1081,27,2092,69,31,22,17,33,86,16,0,3,6.56,85,0.22,-0.78,3.56
461771,Abel Bretones,Osasuna,DML,28,17,1761,1,2,5,1,8.1,0.47,1.29,11,3,503,388,13,946,50,18,13,13,17,51,12,0,3,6.45,77,0.53,0.71,1.76
365410,Lucas Beltran,Valencia,Sub,27,16,1444,1,2,1,0,8.3,3.97,1.3,34,9,391,306,13,708,30,4,25,16,26,13,34,0,3,6.43,78,-2.97,0.7,5.27
106525,Denis Suarez,Deportivo Alaves,Sub,30,15,1517,1,2,6,0,7.6,1.08,1.3,9,4,797,684,22,1075,50,6,4,25,20,12,25,0,3,6.4,86,-0.08,0.7,2.38
444244,Ramon Terrats,Espanyol,AMC,29,12,1143,1,2,0,0,7.1,1.11,0.76,15,3,256,197,16,514,32,11,9,9,15,7,24,0,3,6.28,77,-0.11,1.24,1.87
56057,Yuri Berchiche,Athletic Club,DL,32,31,2869,0,3,5,0,8.3,0.58,3.63,24,5,1476,1292,30,2188,56,35,59,10,26,101,16,0,3,6.77,88,-0.58,-0.63,4.21
402046,Matteo Ruggeri,Atletico Madrid,DL,26,20,1875,0,3,4,0,8.3,0.14,3.11,5,2,891,773,25,1361,60,20,26,5,28,65,5,0,3,6.75,87,-0.14,-0.11,3.25
381673,Jon Moncayola,Osasuna,MC,36,35,3139,0,3,9,0,7.5,1.76,2.45,23,5,1388,1112,39,1963,99,23,18,13,41,49,11,0,3,6.55,80,-1.76,0.55,4.21
379684,Filip Ugrinic,Valencia,Sub,27,17,1581,0,3,3,0,7.5,0.78,2.36,20,3,655,549,23,958,36,11,16,18,17,33,13,0,3,6.55,84,-0.78,0.64,3.14
135098,Johan Mojica,Mallorca,DL,35,30,2904,0,3,6,1,7.8,0.65,2.72,17,2,1210,957,36,2056,61,24,23,15,29,84,29,0,3,6.53,79,-0.65,0.28,3.37
273453,Josan,Elche,MR,19,4,646,0,3,2,0,7.6,0.15,2.57,3,1,247,221,21,411,14,5,1,7,5,5,3,0,3,6.53,89,-0.15,0.43,2.72
475046,Haissem Hassan,Real Oviedo,AMR,37,20,2032,0,3,1,0,8.1,1.76,2.31,34,8,497,400,20,1027,72,6,2,61,12,11,16,0,3,6.45,80,-1.76,0.69,4.07
303268,Carles Alena,Deportivo Alaves,ML,34,23,2083,0,3,5,0,7.5,2.02,2.38,30,5,850,725,38,1295,62,10,14,13,38,22,36,0,3,6.43,85,-2.02,0.62,4.4
368519,Bryan Gil,Girona,Sub,29,20,1626,0,3,6,0,7.6,2.66,2.46,27,7,518,434,21,965,49,9,4,33,20,11,46,0,3,6.43,84,-2.66,0.54,5.12
431509,Kike Salas,Sevilla,DC,26,24,2358,2,0,1,0,8.1,0.94,0.43,19,8,1369,1098,7,1828,75,37,96,8,31,163,7,0,2,7.1,80,1.06,-0.43,1.37
80758,Florian Lejeune,Rayo Vallecano,DC,36,36,3446,2,0,7,0,8.3,2.22,0.18,50,18,2129,1858,17,2669,88,48,82,8,47,229,7,0,2,7.05,87,-0.22,-0.18,2.4
495459,Jon Martin,Real Sociedad,DC,25,25,2399,2,0,6,0,8.0,2.57,0.04,15,5,1356,1237,2,1715,34,34,84,8,18,159,8,0,2,6.86,91,-0.57,-0.04,2.61
347874,Nahuel Tenaglia,Deportivo Alaves,DC,36,36,3467,2,0,3,0,7.9,1.1,0.23,24,8,1362,1177,7,1981,81,46,48,10,31,180,9,0,2,6.76,86,0.9,-0.23,1.33
469508,Nobel Mendy,Rayo Vallecano,DC,24,22,1958,2,0,9,2,8.2,1.64,0.11,11,3,963,826,3,1290,35,21,31,3,32,155,3,0,2,6.64,86,0.36,-0.11,1.75
402663,Aitor Paredes,Athletic Club,DC,19,18,1742,2,0,4,0,7.7,1.27,0.34,13,4,943,826,4,1143,26,28,30,3,19,76,1,0,2,6.62,88,0.73,-0.34,1.61
534899,Raul Asencio,Real Madrid,Sub,23,18,1792,2,0,4,0,8.3,1.28,0.67,14,4,1185,1114,5,1389,24,10,21,1,17,57,3,0,2,6.61,94,0.72,-0.67,1.95
302889,Pepelu,Valencia,MC,31,26,2348,2,0,4,0,7.7,3.32,1.17,24,3,1381,1190,21,1718,76,21,30,8,30,66,12,0,2,6.6,86,-1.32,-1.17,4.49
77417,Nemanja Gudelj,Sevilla,DMC,34,26,2514,2,0,9,0,8.0,1.53,0.2,31,9,1106,977,7,1456,52,25,43,5,40,127,7,0,2,6.54,88,0.47,-0.2,1.73
511120,Mikel Jauregizar,Athletic Club,DMC,36,34,2963,2,0,6,1,8.1,1.68,1.61,39,11,1344,1081,28,1851,117,46,46,10,49,27,30,0,2,6.49,80,0.32,-1.61,3.29
143655,Pacha Espino,Rayo Vallecano,Sub,30,15,1627,2,0,3,0,7.7,1.92,1.96,20,9,588,419,19,1060,86,15,18,17,24,32,13,0,2,6.49,71,0.08,-1.96,3.88
607607,Ibrahim Diabate,Deportivo Alaves,Sub,10,6,601,2,0,1,0,7.1,2.36,0.03,15,5,90,56,2,161,6,2,15,1,6,6,5,0,2,6.43,62,-0.36,-0.03,2.39
375621,Conor Gallagher,Atletico Madrid,DMC,19,4,780,2,0,2,0,7.4,1.26,0.35,13,5,359,324,4,510,27,11,10,3,18,5,9,0,2,6.4,90,0.74,-0.35,1.61
362423,Javi Puado,Espanyol,AML,10,8,727,2,0,2,0,7.3,3.89,0.74,15,9,199,167,10,313,9,3,2,5,11,3,5,0,2,6.37,84,-1.89,-0.74,4.63
25964,Salomon Rondon,Real Oviedo,FW,16,13,1078,2,0,2,0,7.4,2.65,0.35,24,5,206,148,5,377,5,1,45,9,11,12,21,0,2,6.36,72,-0.65,-0.35,3.0
441888,Jones El Abdellaoui,Celta Vigo,Sub,22,4,803,2,0,0,0,7.0,2.28,0.59,17,4,143,119,9,308,12,3,6,11,7,12,14,0,2,6.29,83,-0.28,-0.59,2.87
408942,Alfon Gonzalez,Sevilla,AML,20,7,718,2,0,0,0,8.2,1.95,0.22,17,10,132,108,9,276,8,2,2,6,10,7,18,0,2,6.23,82,0.05,-0.22,2.17
531674,Christantus Uche,Getafe,FW,3,3,292,1,1,1,0,8.5,1.04,0.49,6,1,43,27,4,123,2,0,9,6,10,2,8,0,2,7.07,63,-0.04,0.51,1.53
430148,Marc Pubill,Atletico Madrid,Sub,19,15,1458,1,1,2,0,8.0,0.69,0.44,11,4,914,805,3,1175,28,20,59,4,16,85,5,0,2,7.0,88,0.31,0.56,1.13
434138,Pablo Barrios,Atletico Madrid,Sub,23,20,1749,1,1,0,0,8.5,1.56,1.31,23,6,1052,936,20,1398,43,27,18,33,12,12,25,0,2,6.87,89,-0.56,-0.31,2.87
423282,David Affengruber,Elche,DC,36,33,3150,1,1,7,1,8.5,1.09,1.15,14,4,2073,1813,8,2600,93,51,65,12,34,178,6,0,2,6.79,87,-0.09,-0.15,2.24
319388,Valentin Rosier,Osasuna,DMR,31,30,2751,1,1,6,1,7.7,0.94,1.34,19,3,1050,854,16,1717,67,43,19,28,34,88,27,0,2,6.69,81,0.06,-0.34,2.28
388505,Lucien Agoume,Sevilla,MC,34,31,2834,1,1,12,0,7.5,0.79,1.19,15,2,1303,1056,28,1699,88,48,54,11,58,40,21,0,2,6.64,81,0.21,-0.19,1.98
429273,Bryan Zaragoza,Celta Vigo,Sub,19,13,1190,1,1,1,0,8.4,1.65,2.57,26,12,334,259,18,617,22,2,1,27,7,5,5,0,2,6.62,78,-0.65,-1.57,4.22
402087,Tete Morente,Elche,DMR,13,11,973,1,1,1,0,7.9,0.59,0.64,8,1,312,234,11,561,29,10,12,9,20,20,12,0,2,6.62,75,0.41,0.36,1.23
448050,Marc Aguado,Elche,MC,35,30,2586,1,1,3,0,7.5,0.23,0.23,3,2,1327,1205,11,1616,58,43,9,0,25,55,6,0,2,6.57,91,0.77,0.77,0.46
447842,Enzo Boyomo,Osasuna,DC,30,29,2693,1,1,7,0,8.0,0.99,1.06,11,4,1314,1135,9,1690,65,17,37,3,33,122,9,0,2,6.57,86,0.01,-0.06,2.05
337022,Chidera Ejuke,Sevilla,Sub,27,6,1069,1,1,0,0,7.9,1.71,0.69,23,3,360,302,13,662,20,6,5,57,5,3,21,0,2,6.55,84,-0.71,0.31,2.4
541871,Jon Gorrotxategi,Real Sociedad,Sub,30,26,2325,1,1,6,0,8.0,0.84,0.34,13,1,1309,1138,18,1642,69,35,30,10,32,45,19,0,2,6.55,87,0.16,0.66,1.18
444254,Pablo Ibanez,Deportivo Alaves,MC,37,28,2326,1,1,7,0,7.8,3.51,0.73,47,13,1011,867,19,1584,88,21,26,31,38,26,47,0,2,6.52,86,-2.51,0.27,4.24
435529,Roony Bardghji,Barcelona,AMR,21,7,711,1,1,0,0,8.3,1.56,1.66,22,12,336,298,14,529,7,2,0,22,7,3,11,0,2,6.52,89,-0.56,-0.66,3.22
345022,Manor Solomon,Villarreal,Sub,6,1,181,1,1,0,0,7.1,0.42,0.3,2,1,49,42,2,94,3,0,0,6,0,0,2,0,2,6.47,86,0.58,0.7,0.72
560362,Alejandro Rego,Athletic Club,Sub,29,11,1405,1,1,6,0,7.3,0.87,1.12,12,3,539,443,11,739,57,25,14,9,40,16,6,0,2,6.42,82,0.13,-0.12,1.99
481851,Hugo Rincon,Girona,Sub,33,16,1895,1,1,4,0,8.0,0.8,0.8,7,2,774,639,10,1233,60,5,20,9,32,50,12,0,2,6.4,83,0.2,0.2,1.6
82989,Isco,Real Betis,Sub,8,1,265,1,1,0,0,7.2,1.06,0.42,7,1,169,155,5,218,7,2,1,1,4,1,3,0,2,6.4,92,-0.06,0.58,1.48
445480,Alan Matturro,Levante,Sub,19,10,1130,1,1,0,1,7.6,0.75,0.37,8,1,474,391,4,645,24,6,17,0,7,78,3,0,2,6.38,82,0.25,0.63,1.12
463938,Rodrigo Mendoza,Elche,FWL,24,14,1290,1,1,6,0,8.1,1.18,0.8,17,4,643,549,15,889,24,4,7,20,30,13,22,0,2,6.37,85,-0.18,0.2,1.98
236558,Baptiste Santamaria,Valencia,Sub,19,7,859,1,1,2,0,8.6,0.35,0.64,6,2,405,332,4,544,18,7,18,6,13,30,5,0,2,6.35,82,0.65,0.36,0.99
382631,Rodrigo Riquelme,Real Betis,AML,25,7,925,1,1,2,0,7.2,2.82,1.09,24,7,309,257,14,512,32,5,4,11,8,7,17,0,2,6.31,83,-1.82,-0.09,3.91
448231,Roger Brugue,Levante,ML,19,10,1078,1,1,1,1,7.6,2.99,0.83,28,9,244,201,8,439,21,4,13,9,11,19,18,0,2,6.24,82,-1.99,0.17,3.82
480619,Unai Gomez,Athletic Club,Sub,26,12,1017,1,1,1,0,7.6,2.25,0.81,23,7,222,168,8,385,20,1,17,6,12,6,9,0,2,6.15,76,-1.25,0.19,3.06
362779,David Hancko,Atletico Madrid,DC,30,27,2572,0,2,2,0,7.6,1.31,1.62,21,5,1449,1270,13,1857,63,19,42,8,15,101,9,0,2,6.68,88,-1.31,0.38,2.93
318871,Trent Alexander-Arnold,Real Madrid,DR,21,14,1223,0,2,4,0,7.7,0.33,2.44,10,2,821,700,28,1157,24,14,5,5,10,10,4,0,2,6.67,85,-0.33,-0.44,2.77
135374,Alex Moreno,Girona,Sub,31,28,2704,0,2,5,0,8.1,1.24,1.58,16,5,1054,882,16,1767,75,30,20,35,32,104,10,0,2,6.65,84,-1.24,0.42,2.82
422938,Alejandro Balde,Barcelona,DL,28,21,1947,0,2,2,0,7.3,0.44,1.66,10,1,1194,1096,23,1621,43,5,10,23,14,25,19,0,2,6.62,92,-0.44,0.34,2.1
449410,Omar El Hilali,Espanyol,DR,36,32,3001,0,2,9,0,7.3,0.02,1.7,1,0,1244,1002,17,1950,97,40,28,7,44,95,5,0,2,6.59,81,-0.02,0.3,1.72
236575,Unai Lopez,Rayo Vallecano,DMC,28,19,1719,0,2,8,1,7.7,0.93,1.03,22,4,1064,922,36,1351,49,22,11,13,37,23,13,0,2,6.57,87,-0.93,0.97,1.96
395321,Aimar Oroz,Osasuna,AMC,31,26,2218,0,2,6,0,7.6,1.58,2.6,29,4,849,677,38,1299,54,10,30,30,33,15,48,0,2,6.57,80,-1.58,-0.6,4.18
367742,Cyril Ngonge,Espanyol,Sub,9,6,440,0,2,4,0,7.2,0.67,0.92,11,4,122,91,8,244,9,4,8,5,9,2,8,0,2,6.52,75,-0.67,1.08,1.59
395187,Juanlu Sanchez,Sevilla,DR,32,23,2186,0,2,7,1,8.0,0.62,2.45,14,1,764,636,22,1263,94,12,18,27,23,32,17,0,2,6.49,83,-0.62,-0.45,3.07
577403,Thiago Pitarch,Real Madrid,DMC,10,8,600,0,2,2,0,8.1,0.34,0.27,6,2,407,367,6,497,34,7,2,7,12,5,7,0,2,6.48,90,-0.34,1.73,0.61
294123,Gerard Gumbau,Rayo Vallecano,Sub,28,14,1275,0,2,4,0,8.2,1.0,2.07,20,5,485,404,23,697,34,10,14,6,38,28,5,0,2,6.44,83,-1.0,-0.07,3.07
463966,Victor Parada,Deportivo Alaves,DL,30,25,2319,0,2,9,1,7.3,0.87,1.04,12,2,762,627,14,1130,45,11,33,8,29,81,8,0,2,6.37,82,-0.87,0.96,1.91
396490,Raul Moro,Osasuna,AML,14,7,682,0,2,0,0,7.2,0.2,0.78,6,0,165,126,10,284,3,1,1,12,1,8,6,0,2,6.25,76,-0.2,1.22,0.98
605437,Iker Luque,Atletico Madrid,Sub,1,0,36,1,0,0,0,7.2,0.41,0.02,3,2,7,6,0,14,1,0,1,0,2,0,1,0,1,7.2,86,0.59,-0.02,0.43
389191,Zaid Romero,Getafe,DC,15,15,1444,1,0,5,1,7.8,0.75,0.06,10,2,425,294,1,695,36,28,27,16,11,92,7,0,1,7.09,69,0.25,-0.06,0.81
353423,Aurelien Tchouameni,Real Madrid,MC,33,31,2734,1,0,8,0,8.4,2.82,1.66,45,7,1913,1751,25,2292,84,47,72,3,31,55,5,0,1,7.01,92,-1.82,-1.66,4.48
498386,Pau Cubarsi,Barcelona,DC,31,31,2823,1,0,3,0,8.3,0.4,0.27,10,2,2768,2628,5,3085,55,30,65,1,25,147,4,0,1,7.0,95,0.6,-0.27,0.67
123232,Diego Llorente,Real Betis,DC,18,14,1305,1,0,5,0,8.2,1.08,0.05,4,3,730,660,1,959,32,28,34,1,13,96,2,0,1,6.99,90,-0.08,-0.05,1.13
299490,Dodi Lukebakio,Sevilla,MR,2,2,195,1,0,0,0,7.0,0.07,0.83,2,1,72,62,9,110,1,1,0,1,3,0,2,0,1,6.95,86,0.93,-0.83,0.9
448936,Santiago Mourino,Villarreal,DR,28,27,2495,1,0,11,1,8.4,0.99,0.17,15,3,1236,1039,8,1956,158,29,38,14,54,127,7,0,1,6.95,84,0.01,-0.17,1.16
83686,Marc Bartra,Real Betis,DC,25,21,2097,1,0,3,0,8.0,0.67,0.2,16,5,1165,1008,5,1547,68,27,43,6,15,159,3,0,1,6.86,87,0.33,-0.2,0.87
243814,Eric Bailly,Real Oviedo,DC,15,15,1300,1,0,3,0,8.1,0.2,0.11,5,1,563,480,3,758,14,16,41,6,13,84,4,0,1,6.82,85,0.8,-0.11,0.31
430301,Rafa Marin,Villarreal,DC,23,21,2085,1,0,1,0,7.8,0.2,0.47,5,1,1086,980,7,1371,47,18,40,2,16,141,0,0,1,6.81,90,0.8,-0.47,0.67
620581,Cubo,Atletico Madrid,Sub,2,0,61,1,0,0,0,7.3,0.23,0.0,3,2,3,1,0,18,2,0,1,1,1,0,0,0,1,6.8,33,0.77,0.0,0.23
322095,Mouctar Diakhaby,Valencia,Sub,8,7,586,1,0,3,0,8.1,0.41,0.08,4,3,320,280,1,418,8,10,16,1,7,43,0,0,1,6.79,88,0.59,-0.08,0.49
448284,Andres Castrin,Sevilla,DC,19,13,1373,1,0,4,0,7.8,0.31,0.13,10,3,749,646,2,978,34,20,27,9,13,83,2,0,1,6.78,86,0.69,-0.13,0.44
84008,Marcos Alonso,Celta Vigo,DC,32,31,2933,1,0,5,0,7.7,1.92,1.07,24,3,2378,2145,13,2847,59,28,48,17,23,161,13,0,1,6.78,90,-0.92,-1.07,2.99
478314,Vitor Reis,Girona,Sub,36,35,3381,1,0,8,1,7.7,1.75,0.17,19,4,1924,1750,9,2447,61,33,87,8,40,215,6,0,1,6.73,91,-0.75,-0.17,1.92
251134,Duje Caleta-Car,Real Sociedad,DC,27,24,2349,1,0,6,1,7.7,1.19,0.48,13,3,1358,1230,3,1640,28,28,84,0,30,129,2,0,1,6.73,91,-0.19,-0.48,1.67
463961,Jon Aramburu,Real Sociedad,DR,35,31,2929,1,0,11,0,7.9,1.48,0.47,21,5,1284,1039,11,2115,151,47,50,11,69,95,16,0,1,6.7,81,-0.48,-0.47,1.95
462768,Miguel Roman,Celta Vigo,MC,19,14,1402,1,0,3,0,8.0,0.69,1.12,8,1,748,656,17,922,43,12,10,3,20,23,2,0,1,6.68,88,0.31,-1.12,1.81
369109,Eduardo Camavinga,Real Madrid,Sub,29,16,1625,1,0,2,0,8.3,1.33,1.57,13,2,1086,997,15,1378,79,14,10,13,34,24,9,0,1,6.68,92,-0.33,-1.57,2.9
322772,Domingos Duarte,Getafe,DC,34,34,3090,1,0,12,0,8.1,0.53,0.21,13,4,899,688,2,1302,41,35,79,0,32,212,5,0,1,6.67,77,0.47,-0.21,0.74
433286,Valentin Gomez,Real Betis,Sub,28,19,2047,1,0,5,0,7.8,0.91,0.42,11,5,958,823,10,1353,68,24,43,13,26,113,7,0,1,6.64,86,0.09,-0.42,1.33
367008,Robin Le Normand,Atletico Madrid,DC,28,17,1946,1,0,5,0,7.8,0.9,0.12,6,1,1047,937,2,1286,43,20,51,1,22,98,1,0,1,6.63,89,0.1,-0.12,1.02
104010,Antonio Rudiger,Real Madrid,DC,18,16,1553,1,0,0,0,7.3,1.06,0.28,13,1,1172,1091,2,1300,15,4,30,0,11,52,1,0,1,6.61,93,-0.06,-0.28,1.34
323148,Marc Roca,Real Betis,Sub,29,23,2155,1,0,1,0,7.6,1.13,0.88,17,7,1074,946,18,1370,61,23,9,11,42,39,17,0,1,6.6,88,-0.13,-0.88,2.01
504671,Javier Bonar,Atletico Madrid,DR,4,3,315,1,0,0,0,7.2,0.21,0.22,2,1,135,114,2,208,8,0,3,1,2,14,3,0,1,6.6,84,0.79,-0.22,0.43
422958,Oscar Valentin,Rayo Vallecano,Sub,33,26,2240,1,0,3,1,8.1,1.54,0.88,13,4,889,788,10,1254,106,28,27,5,31,62,13,0,1,6.59,89,-0.54,-0.88,2.42
374812,David Carmo,Real Oviedo,Sub,22,20,1900,1,0,8,1,7.8,0.81,0.31,10,3,1017,838,7,1313,46,21,62,2,20,149,2,0,1,6.59,82,0.19,-0.31,1.12
489232,Sergi Altimira,Real Betis,DMC,24,13,1278,1,0,3,0,7.7,0.36,0.4,7,3,768,700,11,979,69,21,17,4,14,20,9,0,1,6.58,91,0.64,-0.4,0.76
135404,David Costas,Real Oviedo,DC,25,22,2189,1,0,3,0,8.2,1.08,0.14,4,1,1024,910,5,1285,35,27,51,7,16,113,3,0,1,6.58,89,-0.08,-0.14,1.22
25191,Axel Witsel,Girona,DMC,32,30,2723,1,0,3,1,7.6,1.97,0.64,20,5,1466,1337,17,1817,66,30,47,10,34,56,19,0,1,6.57,91,-0.97,-0.64,2.61
317354,Alvaro Odriozola,Real Sociedad,DR,5,2,259,1,0,0,0,7.5,0.45,0.28,1,1,28,24,3,71,6,1,1,0,1,3,1,0,1,6.56,86,0.55,-0.28,0.73
402862,Victor Chust,Elche,Sub,31,22,2323,1,0,8,1,8.0,0.3,0.29,9,3,1518,1369,5,1899,84,20,29,8,38,86,4,0,1,6.55,90,0.7,-0.29,0.59
514810,Franco Mastantuono,Real Madrid,Sub,23,11,1094,1,0,5,1,7.7,2.15,1.74,30,7,492,443,16,791,37,3,5,25,18,3,27,0,1,6.54,90,-1.15,-1.74,3.89
357388,Gonzalo Villar,Elche,Sub,12,8,762,1,0,3,0,7.6,0.17,0.24,4,1,394,352,2,518,20,2,11,9,11,7,10,0,1,6.53,89,0.83,-0.24,0.41
422957,Fran Garcia,Real Madrid,Sub,13,10,994,1,0,2,1,7.3,0.88,0.48,6,2,444,395,5,675,24,7,7,3,7,22,8,0,1,6.51,89,0.12,-0.48,1.36
544982,Fer Lopez,Celta Vigo,AMC,17,13,1224,1,0,3,0,8.1,1.59,1.2,13,5,585,504,12,802,32,8,5,22,24,9,17,0,1,6.51,86,-0.59,-1.2,2.79
357839,Dani Vivian,Athletic Club,DC,31,28,2765,1,0,8,1,7.4,1.02,0.49,17,6,1349,1154,6,1765,78,32,31,5,38,143,15,0,1,6.46,86,-0.02,-0.49,1.51
362421,Fran Beltran,Celta Vigo,MC,27,18,1618,1,0,3,0,7.4,0.59,0.52,16,4,1055,965,13,1277,49,17,10,7,20,25,18,0,1,6.46,91,0.41,-0.52,1.11
75919,Kiko Femenia,Getafe,DR,28,25,2069,1,0,6,0,7.3,0.81,0.96,8,3,601,465,17,1052,54,34,18,7,21,44,12,0,1,6.45,77,0.19,-0.96,1.77
124106,Leander Dendoncker,Real Oviedo,MC,19,15,1403,1,0,2,0,8.1,0.57,0.37,9,4,554,477,6,744,53,12,23,4,12,34,6,0,1,6.44,86,0.43,-0.37,0.94
299752,Unai Elgezabal,Levante,DC,12,11,1016,1,0,2,0,7.3,0.47,0.37,3,1,409,348,2,542,15,3,31,0,11,70,0,0,1,6.43,85,0.53,-0.37,0.84
516414,Lucas Cepeda,Elche,Sub,10,4,435,1,0,1,0,7.5,1.2,0.46,13,5,157,132,6,258,14,1,1,5,7,0,3,0,1,6.42,84,-0.2,-0.46,1.66
28186,Dani Parejo,Villarreal,Sub,32,16,1478,1,0,3,0,7.7,0.92,1.07,3,1,901,793,25,1127,53,12,8,8,16,15,10,0,1,6.41,88,0.08,-1.07,1.99
452407,Alvaro Fidalgo,Real Betis,MC,9,8,546,1,0,0,0,7.5,0.55,0.06,4,2,313,291,4,390,23,3,1,3,2,9,5,0,1,6.4,93,0.45,-0.06,0.61
391316,Batista Mendy,Sevilla,MC,27,19,1732,1,0,6,0,7.7,0.93,0.3,17,5,653,565,9,910,50,18,16,10,37,24,18,0,1,6.37,87,0.07,-0.3,1.23
363966,Adria Pedrosa,Sevilla,Sub,27,8,1226,1,0,4,0,7.2,0.76,1.0,12,3,421,353,23,761,46,14,7,5,18,40,5,0,1,6.34,84,0.24,-1.0,1.76
357118,Miguel Rubio,Espanyol,Sub,12,1,280,1,0,0,0,7.1,0.47,0.0,2,1,73,56,0,125,4,1,14,1,1,29,0,0,1,6.33,77,0.53,0.0,0.47
430907,Iker Benito,Osasuna,Sub,6,1,186,1,0,1,0,7.0,0.47,0.33,2,1,75,61,2,124,4,2,1,1,3,6,1,0,1,6.32,81,0.53,-0.33,0.8
423109,Nico Serrano,Athletic Club,Sub,16,4,428,1,0,0,0,8.1,0.47,0.68,16,4,123,99,10,263,15,2,2,7,10,2,4,0,1,6.31,80,0.53,-0.68,1.15
469950,Goduine Koyalipou,Levante,Sub,11,2,292,1,0,1,0,7.2,1.15,0.24,10,4,54,31,1,116,5,1,7,9,2,4,11,0,1,6.31,57,-0.15,-0.24,1.39
367583,Aihen Munoz,Real Sociedad,DL,21,9,941,1,0,1,0,7.0,0.43,0.44,6,2,308,258,5,533,45,5,8,4,7,35,3,0,1,6.3,84,0.57,-0.44,0.87
508338,Adam El Mokhtari,Elche,Sub,7,0,145,1,0,0,0,7.0,0.26,0.26,5,2,39,34,2,73,7,1,3,1,0,4,4,0,1,6.29,87,0.74,-0.26,0.52
478241,Claudio Echeverri,Girona,Sub,17,5,694,1,0,4,0,7.5,1.82,0.51,21,7,226,195,8,373,7,1,1,16,8,4,12,0,1,6.29,86,-0.82,-0.51,2.33
430451,Jofre Carreras,Espanyol,AMR,26,9,1032,1,0,1,0,6.9,1.77,1.01,23,7,214,160,15,441,18,6,3,16,13,8,6,0,1,6.27,75,-0.77,-1.01,2.78
135321,Jose Luis Morales,Levante,Sub,20,1,473,1,0,1,0,6.9,2.04,0.62,11,4,127,95,7,222,11,3,2,9,3,4,6,0,1,6.26,75,-1.04,-0.62,2.66
306943,Grady Diangana,Elche,Sub,20,13,978,1,0,3,0,6.8,1.32,0.52,16,2,294,246,10,512,20,4,7,10,15,9,18,0,1,6.24,84,-0.32,-0.52,1.84
303707,Chimy Avila,Real Betis,Sub,16,3,447,1,0,3,0,7.0,1.41,0.35,8,2,107,76,9,183,8,5,9,0,6,7,5,0,1,6.22,71,-0.41,-0.35,1.76
518928,Asier Osambela,Osasuna,Sub,17,2,432,1,0,1,0,7.2,0.49,0.04,6,3,166,116,3,233,9,4,18,0,15,18,0,0,1,6.22,70,0.51,-0.04,0.53
344120,Ander Guevara,Deportivo Alaves,Sub,25,2,828,1,0,4,1,7.6,0.51,0.27,5,1,455,376,6,581,24,7,15,5,11,27,12,0,1,6.21,83,0.49,-0.27,0.78
541704,Maroan Sannadi,Athletic Club,FW,10,2,341,1,0,1,0,7.1,0.83,0.18,8,4,70,50,3,125,3,1,11,1,8,3,3,0,1,6.18,71,0.17,-0.18,1.01
408347,John Donald,Elche,Sub,21,6,770,1,0,3,0,7.4,0.74,0.04,6,2,291,257,1,440,20,7,14,2,18,18,6,0,1,6.18,88,0.26,-0.04,0.78
384368,Mateu Morey,Mallorca,DR,18,9,769,1,0,2,0,7.2,0.24,0.21,4,2,241,184,3,419,33,7,6,4,15,30,4,0,1,6.17,76,0.76,-0.21,0.45
316532,Charles Pickel,Espanyol,Sub,24,4,881,1,0,4,2,6.8,0.75,0.03,10,4,251,201,2,352,19,6,19,5,15,12,8,0,1,6.15,80,0.25,-0.03,0.78
463431,Urko Izeta,Athletic Club,Sub,13,1,260,1,0,2,0,6.8,1.36,0.25,11,5,60,43,2,108,6,0,3,1,5,1,2,0,1,6.14,72,-0.36,-0.25,1.61
126316,Takuma Asano,Mallorca,AMR,20,8,731,1,0,2,0,7.3,2.13,0.62,17,2,120,89,3,248,17,2,8,2,9,4,12,0,1,6.12,74,-1.13,-0.62,2.75
83080,Juanmi,Getafe,Sub,8,0,226,1,0,0,0,7.0,0.15,0.15,2,1,36,24,3,61,4,0,5,1,2,0,2,0,1,6.1,67,0.85,-0.15,0.3
361898,Luka Ilic,Real Oviedo,AMC,19,8,806,1,0,4,1,6.6,1.21,0.5,9,5,235,187,3,351,26,5,6,4,16,8,11,0,1,6.08,80,-0.21,-0.5,1.71
403865,Yeremy Pino,Villarreal,ML,2,2,165,0,1,0,0,7.6,0.07,0.49,2,1,88,73,6,123,4,2,0,0,2,2,0,0,1,7.5,83,-0.07,0.51,0.56
605436,Julio Diaz,Atletico Madrid,DL,4,4,323,0,1,2,0,7.4,0.05,0.44,1,0,139,124,6,217,11,4,2,7,4,1,0,0,1,6.92,89,-0.05,0.56,0.49
141073,Aaron Escandell,Real Oviedo,GK,36,36,3428,0,1,3,0,8.5,0.0,0.16,0,0,1242,821,2,1616,0,0,5,2,1,49,0,148,1,6.88,66,0.0,0.84,0.16
369497,Javi Galan,Atletico Madrid,Sub,25,20,1947,0,1,3,0,8.3,0.25,1.51,6,1,906,760,29,1566,60,29,14,38,32,58,14,0,1,6.85,84,-0.25,-0.51,1.76
135914,Jose Maria Gimenez,Atletico Madrid,DC,16,13,1253,0,1,4,0,7.7,1.43,0.41,13,3,802,723,1,985,35,16,37,2,20,64,2,0,1,6.79,90,-1.43,0.59,1.84
294006,Antonio Raillo,Mallorca,DC,24,23,2207,0,1,4,0,7.6,0.68,0.44,12,1,1141,1009,7,1419,28,16,77,0,23,121,4,0,1,6.69,88,-0.68,0.56,1.12
286080,Gabriel Suazo,Sevilla,DL,29,25,2242,0,1,7,0,8.1,0.26,3.31,5,2,1026,855,36,1637,114,30,13,15,33,47,17,0,1,6.69,83,-0.26,-2.31,3.57
509876,Alvaro Nunez,Elche,DR,25,24,2059,0,1,2,0,7.6,0.21,1.99,6,1,1222,1117,21,1596,42,16,11,15,14,34,6,0,1,6.66,91,-0.21,-0.99,2.2
25931,Cesar Azpilicueta,Sevilla,DC,17,17,1283,0,1,4,0,7.2,0.02,0.52,1,0,702,621,3,944,38,22,22,2,24,40,2,0,1,6.65,88,-0.02,0.48,0.54
546923,Daniel Yanez,Real Madrid,Sub,2,0,51,0,1,0,0,7.1,0.0,0.17,0,0,20,18,2,31,2,0,1,0,0,0,1,0,1,6.65,90,0.0,0.83,0.17
415345,Hugo Sotelo,Celta Vigo,Sub,20,16,1408,0,1,3,0,7.4,0.09,1.31,2,1,995,918,26,1179,41,13,4,2,27,17,10,0,1,6.63,92,-0.09,-0.31,1.4
315566,Igor Zubeldia,Real Sociedad,DC,25,23,2217,0,1,9,0,7.9,0.34,0.42,6,1,1153,1016,5,1455,45,22,48,1,38,149,1,0,1,6.61,88,-0.34,0.58,0.76
606360,Alex Sanchez,Elche,Sub,1,0,14,0,1,0,0,6.6,0.0,0.05,0,0,6,4,1,12,1,0,0,0,0,0,0,0,1,6.6,67,0.0,0.95,0.05
249960,Lucas Torro,Osasuna,MC,34,31,2376,0,1,6,0,7.4,1.51,0.54,29,8,992,740,15,1292,50,29,109,9,40,46,10,0,1,6.57,75,-1.51,0.46,2.05
422820,Jesus Areso,Athletic Club,DR,26,14,1611,0,1,3,0,7.5,0.09,1.45,3,0,581,485,23,1067,28,18,33,14,19,51,8,0,1,6.55,83,-0.09,-0.45,1.54
236511,Clement Lenglet,Atletico Madrid,DC,19,17,1531,0,1,6,1,7.7,0.23,0.46,5,0,924,811,4,1097,30,22,30,3,22,73,1,0,1,6.55,88,-0.23,0.54,0.69
409740,Abdel Abqar,Getafe,DC,23,17,1547,0,1,10,1,7.9,0.22,0.32,7,1,441,319,4,716,45,22,22,2,29,82,3,0,1,6.54,72,-0.22,0.68,0.54
351252,Junior Firpo,Real Betis,DL,12,10,866,0,1,2,0,7.7,0.25,0.43,5,0,383,324,8,615,32,10,14,4,11,35,5,0,1,6.53,85,-0.25,0.57,0.68
322246,Andre Almeida,Valencia,Sub,22,11,1101,0,1,0,0,7.7,0.78,0.99,9,3,568,511,18,811,30,10,3,15,11,5,20,0,1,6.52,90,-0.78,0.01,1.77
61610,Ricardo Rodriguez,Real Betis,DL,23,18,1648,0,1,0,0,7.4,0.1,0.29,3,0,634,537,7,911,36,8,16,1,11,67,5,0,1,6.51,85,-0.1,0.71,0.39
372473,Ivan Martin,Girona,Sub,35,29,2670,0,1,5,1,7.8,0.87,1.31,13,5,1411,1261,25,1814,80,16,21,30,30,29,33,0,1,6.51,89,-0.87,-0.31,2.18
407138,Benat Turrientes,Real Sociedad,DMC,27,16,1430,0,1,7,0,8.1,0.9,0.46,20,6,697,602,12,943,55,9,12,20,28,26,17,0,1,6.5,86,-0.9,0.54,1.36
416959,Alejandro Frances,Girona,Sub,24,11,1226,0,1,2,1,7.3,0.59,1.35,16,4,731,608,10,984,32,15,15,7,15,60,3,0,1,6.5,83,-0.59,-0.35,1.94
395234,Javi Lopez,Real Oviedo,DL,25,20,1827,0,1,3,1,7.6,0.35,1.21,7,1,742,591,17,1311,56,20,14,18,38,55,10,0,1,6.5,80,-0.35,-0.21,1.56
298482,Lucas Ahijado,Real Oviedo,Sub,20,11,1179,0,1,3,0,7.5,0.89,0.92,10,2,427,341,9,753,56,17,7,16,14,31,3,0,1,6.5,80,-0.89,0.08,1.81
419580,Obed Vargas,Atletico Madrid,Sub,12,8,784,0,1,2,0,7.7,0.22,0.38,5,0,316,260,4,452,34,7,2,10,4,9,2,0,1,6.5,82,-0.22,0.62,0.6
508331,Javi Rodriguez,Celta Vigo,DC,33,28,2705,0,1,5,0,7.5,0.64,0.55,13,2,1842,1664,10,2228,57,26,27,8,33,97,10,0,1,6.49,90,-0.64,0.45,1.19
106883,Dani Carvajal,Real Madrid,Sub,17,10,1029,0,1,0,0,7.3,0.25,1.31,5,1,529,487,11,714,27,6,5,2,7,21,3,0,1,6.46,92,-0.25,-0.31,1.56
345908,Andoni Gorosabel,Athletic Club,Sub,24,15,1464,0,1,3,0,7.6,0.17,0.93,5,1,555,475,16,984,53,16,13,12,14,39,11,0,1,6.44,86,-0.17,0.07,1.1
444253,Jorge Herrando,Osasuna,Sub,28,17,1708,0,1,3,0,7.7,0.25,0.47,3,0,702,604,2,943,42,18,28,3,24,108,1,0,1,6.44,86,-0.25,0.53,0.72
367180,Thierry Correia,Valencia,Sub,24,17,1474,0,1,4,0,7.4,0.23,1.4,5,1,648,529,13,1029,37,17,14,8,28,27,10,0,1,6.42,82,-0.23,-0.4,1.63
432157,Zito Luvumbo,Mallorca,Sub,10,6,532,0,1,2,0,7.2,0.76,0.76,9,7,58,41,9,183,4,0,1,9,13,2,7,0,1,6.41,71,-0.76,0.24,1.52
428500,Ilias Akhomach,Villarreal,Sub,20,9,974,0,1,3,0,7.3,1.91,0.61,24,8,258,217,13,541,26,2,1,14,18,9,27,0,1,6.4,84,-1.91,0.39,2.52
426757,Ruben Sanchez,Espanyol,Sub,21,8,904,0,1,2,0,7.4,0.18,0.84,8,1,324,244,9,584,23,10,14,15,11,24,9,0,1,6.38,75,-0.18,0.16,1.02
604365,Kareem Tunde,Levante,Sub,21,17,1198,0,1,3,0,7.5,1.14,0.27,21,3,224,173,6,456,29,15,12,15,16,3,18,0,1,6.38,77,-1.14,0.73,1.41
312580,Toni Lato,Mallorca,Sub,12,7,618,0,1,3,0,7.2,0.0,0.37,0,0,220,180,4,366,16,6,6,7,7,15,7,0,1,6.37,82,0.0,0.63,0.37
101238,Moi Gomez,Osasuna,Sub,26,12,1311,0,1,3,0,7.4,0.32,1.03,11,2,869,772,16,1074,31,11,12,12,20,10,8,0,1,6.37,89,-0.32,-0.03,1.35
298175,Santiago Colombatto,Real Oviedo,Sub,32,23,2154,0,1,6,0,7.7,0.64,1.42,15,2,1019,876,24,1355,61,14,12,5,44,41,11,0,1,6.36,86,-0.64,-0.42,2.06
519969,Youssef Enriquez,Deportivo Alaves,Sub,25,13,1455,0,1,6,0,7.5,0.7,2.34,11,3,534,424,16,907,29,10,16,8,24,37,8,0,1,6.35,79,-0.7,-1.34,3.04
448514,Pedro Diaz,Rayo Vallecano,AMC,34,21,2007,0,1,3,0,7.1,1.99,1.23,44,6,768,652,23,1094,67,8,13,15,20,15,21,0,1,6.35,85,-1.99,-0.23,3.22
16942,Oscar Trejo,Rayo Vallecano,Sub,7,1,170,0,1,1,0,8.1,0.09,0.4,1,1,106,93,7,151,10,0,1,1,3,2,2,0,1,6.34,88,-0.09,0.6,0.49
91434,Allan Nyom,Getafe,Sub,15,7,588,0,1,5,1,7.7,0.18,0.92,3,1,179,115,5,317,14,1,18,1,13,26,4,0,1,6.29,64,-0.18,0.08,1.1
256864,Aritz Elustondo,Real Sociedad,Sub,16,8,774,0,1,0,0,6.7,0.41,0.02,4,2,378,322,1,551,28,10,18,0,17,37,3,0,1,6.26,85,-0.41,0.98,0.43
4522,Santi Cazorla,Real Oviedo,Sub,28,6,1060,0,1,2,1,7.1,0.28,1.54,7,1,543,470,27,763,27,4,6,13,6,7,11,0,1,6.26,87,-0.28,-0.54,1.82
537076,Marc Domenech,Mallorca,Sub,7,2,243,0,1,0,0,6.8,0.1,0.25,3,0,32,19,2,80,3,0,2,1,3,4,2,0,1,6.23,59,-0.1,0.75,0.35
459677,Pablo Marin,Real Sociedad,DMC,34,15,1641,0,1,2,0,6.9,1.15,1.09,13,4,374,296,13,653,30,8,8,17,22,16,23,0,1,6.22,79,-1.15,-0.09,2.24
599259,Selton Sanchez,Athletic Club,AMC,7,2,224,0,1,0,0,6.7,0.21,0.15,4,1,63,42,4,108,6,1,1,1,5,0,4,0,1,6.2,67,-0.21,0.85,0.36
371497,Giacomo Raspadori,Atletico Madrid,Sub,12,1,297,0,1,1,0,6.9,0.76,0.41,7,3,91,72,4,138,4,0,3,1,3,1,4,0,1,6.18,79,-0.76,0.59,1.17
334221,Dani Raba,Valencia,FW,13,3,341,0,1,0,0,7.3,0.31,0.28,10,1,122,98,2,209,8,4,0,3,6,1,6,0,1,6.18,80,-0.31,0.72,0.59
463844,Alex Sancris,Getafe,Sub,18,5,802,0,1,4,1,6.8,0.49,0.9,13,5,194,134,8,373,21,2,5,5,16,4,9,0,1,6.1,69,-0.49,0.1,1.39
73399,Adrian,Real Betis,GK,1,1,94,0,0,0,0,7.8,0.0,0.0,0,0,32,26,0,47,0,0,0,0,0,1,0,6,0,7.8,81,0.0,0.0,0.0
386261,Dani Cardenas,Rayo Vallecano,GK,4,4,391,0,0,0,0,8.5,0.0,0.0,0,0,123,85,0,174,1,0,0,0,0,10,0,20,0,7.3,69,0.0,0.0,0.0
408252,Unai Marrero,Real Sociedad,GK,1,1,94,0,0,1,0,7.3,0.0,0.0,0,0,38,21,0,52,0,0,0,0,0,1,0,7,0,7.3,55,0.0,0.0,0.0
449409,Angel Fortuno,Espanyol,GK,1,1,94,0,0,0,0,7.1,0.0,0.0,0,0,23,21,0,41,0,0,2,0,0,0,0,2,0,7.1,91,0.0,0.0,0.0
422824,Joan Garcia,Barcelona,GK,30,30,2833,0,0,1,0,8.7,0.0,0.0,0,0,856,768,0,1199,6,2,7,1,0,40,1,74,0,7.07,90,0.0,0.0,0.0
91194,Aitor Fernandez,Osasuna,Sub,2,1,145,0,0,0,0,7.8,0.0,0.0,0,0,51,31,0,71,0,0,0,1,0,1,0,9,0,7.05,61,0.0,0.0,0.0
555515,Valde,Real Madrid,DL,1,1,77,0,0,0,0,7.0,0.0,0.0,0,0,34,32,1,55,6,0,0,1,3,1,1,0,0,7.0,94,0.0,0.0,0.0
546645,Alvaro Cortes,Barcelona,DC,1,1,92,0,0,0,0,7.0,0.0,0.01,0,0,92,87,0,109,1,1,4,1,0,5,1,0,0,7.0,95,0.0,-0.01,0.01
411636,Pablo Campos,Levante,GK,2,2,197,0,0,0,0,7.1,0.0,0.0,0,0,57,29,0,90,0,0,2,0,0,6,0,11,0,6.9,51,0.0,0.0,0.0
145427,Pau Lopez,Real Betis,GK,9,9,865,0,0,1,0,7.9,0.0,0.0,0,0,244,187,0,329,2,0,2,0,0,7,0,30,0,6.88,77,0.0,0.0,0.0
81523,Mathew Ryan,Levante,GK,36,36,3455,0,0,4,0,9.7,0.13,0.05,2,0,1141,809,0,1559,3,1,17,0,0,43,0,126,0,6.85,71,-0.13,-0.05,0.18
512879,Gerard Martin,Barcelona,Sub,32,26,2216,0,0,6,0,8.1,0.21,0.57,7,4,1946,1779,13,2294,50,29,43,6,16,111,2,0,0,6.84,91,-0.21,-0.57,0.78
423108,Julen Agirrezabala,Valencia,GK,18,18,1725,0,0,1,0,8.2,0.0,0.0,0,0,494,344,1,675,4,0,7,0,0,25,0,54,0,6.81,70,0.0,0.0,0.0
602166,Jorge Montes,Getafe,Sub,1,0,34,0,0,0,0,6.8,0.0,0.0,0,0,9,8,1,20,3,0,0,2,1,0,0,0,0,6.8,89,0.0,0.0,0.0
335107,Juan Foyth,Villarreal,DC,13,12,980,0,0,2,0,7.9,0.07,0.1,2,0,565,507,0,692,21,16,9,3,8,56,1,0,0,6.78,90,-0.07,-0.1,0.17
300918,Dani Calvo,Real Oviedo,DC,20,17,1710,0,0,2,0,7.6,0.14,0.19,3,0,788,716,2,1051,29,10,44,1,11,145,1,0,0,6.78,91,-0.14,-0.19,0.33
400826,Luiz Junior,Villarreal,GK,28,28,2660,0,0,3,0,7.8,0.0,0.01,0,0,621,431,0,941,1,1,8,0,2,59,0,73,0,6.77,69,0.0,-0.01,0.01
537235,Pau Navarro,Villarreal,DR,23,23,2009,0,0,4,0,8.0,0.07,0.05,2,2,973,860,4,1335,97,18,26,7,34,108,3,0,0,6.77,88,-0.07,-0.05,0.12
424586,Lucas Bergstrom,Mallorca,GK,5,5,480,0,0,1,0,7.7,0.0,0.0,0,0,145,78,0,205,1,0,5,0,0,16,0,15,0,6.76,54,0.0,0.0,0.0
259393,Marko Dmitrovic,Espanyol,GK,37,37,3559,0,0,0,0,7.9,0.0,0.34,0,0,988,534,1,1377,5,0,8,0,0,33,0,133,0,6.75,54,0.0,-0.34,0.34
126278,Juan Musso,Atletico Madrid,GK,8,8,764,0,0,2,0,7.5,0.0,0.0,0,0,217,168,0,315,0,0,5,0,1,7,0,22,0,6.74,77,0.0,0.0,0.0
296723,Ionut Radu,Celta Vigo,GK,38,38,3641,0,0,2,0,8.2,0.0,0.11,0,0,968,664,1,1360,1,1,7,1,0,38,0,113,0,6.73,69,0.0,-0.11,0.11
402206,Natan,Real Betis,DC,33,32,2968,0,0,8,0,7.9,0.39,0.24,10,1,1432,1264,7,1849,42,36,69,3,28,217,7,0,0,6.73,88,-0.39,-0.24,0.63
378626,Carl Starfelt,Celta Vigo,Sub,19,17,1637,0,0,3,1,7.6,0.74,0.02,4,1,1015,973,1,1221,24,17,31,1,19,108,2,0,0,6.72,96,-0.74,-0.02,0.76
345031,Andrii Lunin,Real Madrid,GK,6,6,569,0,0,0,0,7.3,0.0,0.0,0,0,209,183,0,265,1,0,1,0,0,3,0,16,0,6.72,88,0.0,0.0,0.0
337454,Facundo Garces,Deportivo Alaves,DC,10,8,870,0,0,3,0,7.3,0.32,0.03,8,4,354,299,0,480,16,7,24,0,13,68,0,0,0,6.71,84,-0.32,-0.03,0.35
243262,David Soria,Getafe,GK,38,38,3648,0,0,2,0,8.5,0.0,0.06,0,0,1122,504,1,1382,0,0,3,0,0,35,0,118,0,6.71,45,0.0,-0.06,0.06
122117,Aymeric Laporte,Athletic Club,Sub,25,24,2174,0,0,4,0,7.9,1.01,0.19,15,5,1237,1103,7,1525,36,25,60,2,9,127,1,0,0,6.71,89,-1.01,-0.19,1.2
448208,Alvaro Valles,Real Betis,GK,28,28,2671,0,0,1,0,8.2,0.0,0.02,0,0,859,617,0,1153,4,1,5,1,0,39,0,88,0,6.7,72,0.0,-0.02,0.02
482951,Matias Moreno,Levante,Sub,28,27,2397,0,0,8,0,7.6,0.74,0.61,10,0,1087,933,8,1439,40,37,50,4,23,129,5,0,0,6.69,86,-0.74,-0.61,1.35
76662,Jan Oblak,Atletico Madrid,GK,30,30,2856,0,0,0,0,9.1,0.0,0.01,0,0,886,650,0,1155,2,0,5,0,0,24,0,75,0,6.68,73,0.0,-0.01,0.01
422916,Matias Dituro,Elche,GK,22,22,2119,0,0,1,0,7.7,0.0,0.07,0,0,1180,890,2,1400,5,1,12,0,0,23,0,64,0,6.66,75,0.0,-0.07,0.07
427831,Cesar Tarrega,Valencia,DC,32,29,2800,0,0,8,0,8.1,0.56,0.03,11,1,1321,1140,2,1735,51,29,62,10,40,194,4,0,0,6.66,86,-0.56,-0.03,0.59
303629,Augusto Batalla,Rayo Vallecano,GK,34,34,3262,0,0,5,0,7.8,0.0,0.09,0,0,1258,804,2,1554,5,0,8,5,1,23,0,92,0,6.65,64,0.0,-0.09,0.09
73798,Thibaut Courtois,Real Madrid,GK,32,32,3032,0,0,1,0,7.9,0.0,0.02,0,0,1009,809,1,1273,4,0,5,0,1,20,0,70,0,6.65,80,0.0,-0.02,0.02
73379,Wojciech Szczesny,Barcelona,GK,8,8,772,0,0,0,0,9.5,0.0,0.0,0,0,235,197,0,315,0,0,1,0,0,12,0,23,0,6.65,84,0.0,0.0,0.0
424575,Ville Koski,Deportivo Alaves,Sub,5,3,308,0,0,0,0,7.2,0.02,0.09,1,1,65,53,1,103,6,4,6,0,2,18,0,0,0,6.64,82,-0.02,-0.09,0.11
70033,Daley Blind,Girona,DL,31,30,2745,0,0,1,0,7.8,0.12,0.6,5,1,2107,1883,11,2517,71,39,33,12,19,126,9,0,0,6.63,89,-0.12,-0.6,0.72
379230,Johnny Cardoso,Atletico Madrid,DMC,15,12,916,0,0,5,0,7.6,0.07,0.26,2,0,499,441,3,682,47,16,12,5,23,22,15,0,0,6.63,88,-0.07,-0.26,0.33
344200,Unai Nunez,Valencia,DR,13,10,984,0,0,3,0,7.6,0.64,0.36,9,1,435,370,2,636,31,11,14,0,12,43,3,0,0,6.62,85,-0.64,-0.36,1.0
141499,Stole Dimitrievski,Valencia,GK,20,20,1943,0,0,1,0,7.7,0.0,0.01,0,0,655,398,0,830,2,1,7,0,0,11,0,52,0,6.61,61,0.0,-0.01,0.01
362354,Fernando Calero,Espanyol,DC,28,24,2268,0,0,5,0,7.7,1.46,0.09,12,1,1224,1083,3,1536,36,28,37,2,15,124,1,0,0,6.6,88,-1.46,-0.09,1.55
381674,Sergio Herrera,Osasuna,GK,37,37,3554,0,0,3,1,7.8,0.0,0.05,0,0,1042,723,0,1419,1,0,8,0,3,49,0,113,0,6.6,69,0.0,-0.05,0.05
419935,Clemens Riedel,Espanyol,DC,20,16,1486,0,0,5,0,7.6,0.13,0.15,3,1,812,717,4,1025,34,11,35,1,23,100,2,0,0,6.6,88,-0.13,-0.15,0.28
332823,Unai Simon,Athletic Club,GK,37,37,3546,0,0,1,0,8.2,0.0,0.13,0,0,1124,652,1,1485,1,0,12,0,0,35,0,100,0,6.59,58,0.0,-0.13,0.13
104732,Paulo Gazzaniga,Girona,GK,35,35,3342,0,0,4,1,8.4,0.0,0.03,0,0,1138,767,0,1497,2,0,7,0,1,45,0,116,0,6.59,67,0.0,-0.03,0.03
367164,Inaki Pena,Elche,GK,16,16,1525,0,0,0,0,8.3,0.0,0.2,0,0,889,658,3,1052,5,0,3,0,0,20,0,55,0,6.59,74,0.0,-0.2,0.2
142387,Martin Valjent,Mallorca,DC,37,37,3520,0,0,6,0,7.5,0.73,0.13,17,8,1784,1555,3,2279,60,23,59,4,36,242,6,0,0,6.57,87,-0.73,-0.13,0.86
432214,Ugo Raghouber,Levante,MC,16,8,766,0,0,1,0,7.7,0.11,0.09,3,0,335,283,4,471,34,15,22,9,10,18,4,0,0,6.57,84,-0.11,-0.09,0.2
422937,Gavi,Barcelona,Sub,11,7,604,0,0,3,0,7.2,0.0,0.15,0,0,410,379,8,491,27,3,12,1,11,7,2,0,0,6.56,92,0.0,-0.15,0.15
110273,Odysseas Vlachodimos,Sevilla,GK,33,33,3175,0,0,2,0,8.5,0.0,0.01,0,0,968,617,0,1277,0,1,4,1,0,42,0,89,0,6.56,64,0.0,-0.01,0.01
294744,Luiz Felipe,Rayo Vallecano,DC,10,7,504,0,0,1,0,7.5,0.16,0.0,3,1,254,231,1,323,15,8,9,0,5,24,0,0,0,6.55,91,-0.16,0.0,0.16
335790,Nacho Vidal,Real Oviedo,DR,29,27,2354,0,0,4,0,7.7,2.16,0.38,16,3,918,745,7,1493,66,31,22,14,24,79,9,0,0,6.55,81,-2.16,-0.38,2.54
115917,Jonny,Deportivo Alaves,DR,34,34,3198,0,0,7,0,7.6,0.73,0.95,9,3,1757,1522,17,2485,98,41,26,25,37,63,31,0,0,6.54,87,-0.73,-0.95,1.68
444252,Copete,Valencia,DC,21,19,1855,0,0,5,0,7.5,1.52,0.43,13,0,1004,859,5,1274,34,22,36,7,20,112,3,0,0,6.54,86,-1.52,-0.43,1.95
332990,Djene Dakonam,Getafe,DC,34,32,2848,0,0,10,2,7.5,0.14,0.07,4,0,797,627,2,1178,46,35,46,9,35,145,11,0,0,6.53,79,-0.14,-0.07,0.21
322771,Fabio Cardoso,Sevilla,DC,4,4,298,0,0,0,0,7.8,0.0,0.0,0,0,141,131,0,179,6,3,7,0,9,22,0,0,0,6.53,93,0.0,0.0,0.0
423420,Leo Roman,Mallorca,GK,33,33,3165,0,0,4,0,8.9,0.0,0.08,0,0,1147,833,0,1412,2,1,4,1,1,32,0,100,0,6.52,73,0.0,-0.08,0.08
434077,Renato Veiga,Villarreal,Sub,32,27,2690,0,0,5,1,7.7,0.29,0.12,9,3,1544,1365,3,1879,31,23,49,0,24,156,2,0,0,6.52,88,-0.29,-0.12,0.41
396147,Arnau Tenas,Villarreal,GK,10,10,951,0,0,0,0,7.3,0.0,0.0,0,0,284,179,0,394,1,0,0,0,0,9,0,30,0,6.51,63,0.0,0.0,0.0
414643,Benat Prados,Athletic Club,Sub,2,1,90,0,0,1,0,7.0,0.02,0.0,1,0,49,37,2,65,4,2,2,1,5,0,1,0,0,6.5,76,-0.02,0.0,0.02
395320,Jon Pacheco,Deportivo Alaves,Sub,22,20,1856,0,0,6,1,7.5,0.21,0.13,4,1,939,812,5,1187,47,11,43,3,14,103,3,0,0,6.5,86,-0.21,-0.13,0.34
248144,Sofyan Amrabat,Real Betis,Sub,17,14,1369,0,0,4,0,7.1,0.32,0.16,8,1,898,818,7,1067,42,11,4,6,22,15,4,0,0,6.5,91,-0.32,-0.16,0.48
141044,Antonio Sivera,Deportivo Alaves,GK,38,38,3668,0,0,3,0,7.8,0.0,0.3,0,0,1035,520,0,1363,3,0,13,0,1,52,0,97,0,6.49,50,0.0,-0.3,0.3
502424,David Lopez,Mallorca,DC,14,9,899,0,0,2,0,7.4,0.14,0.05,4,0,459,382,0,610,13,8,27,2,13,81,0,0,0,6.48,83,-0.14,-0.05,0.19
270504,Alex Remiro,Real Sociedad,GK,37,37,3549,0,0,1,0,8.4,0.0,0.12,0,0,1374,982,4,1726,3,1,9,1,0,41,0,99,0,6.47,71,0.0,-0.12,0.12
432475,Nelson Deossa,Real Betis,Sub,20,8,825,0,0,3,0,8.4,0.57,0.22,18,0,320,267,8,520,22,5,27,29,18,11,18,0,0,6.47,83,-0.57,-0.22,0.79
448083,Damian Caceres,Getafe,MC,3,2,162,0,0,0,0,6.7,0.0,0.0,0,0,47,29,0,77,6,3,3,0,4,4,0,0,0,6.47,62,0.0,0.0,0.0
323352,Diego Rico,Getafe,DC,28,18,1913,0,0,3,0,7.3,0.32,0.82,11,1,590,377,11,1177,71,31,22,6,22,59,6,0,0,6.46,64,-0.32,-0.82,1.14
550147,Ismael Bekhoucha,Getafe,DR,4,1,146,0,0,2,0,7.4,0.02,0.01,1,0,19,12,1,56,9,2,0,2,7,4,3,0,0,6.45,63,-0.02,-0.01,0.03
584523,Javier Olaizola,Mallorca,Sub,2,0,63,0,0,0,0,6.6,0.0,0.02,0,0,50,42,0,62,2,0,2,0,0,5,0,0,0,6.45,84,0.0,-0.02,0.02
528001,Yoel Lago,Celta Vigo,DC,12,11,987,0,0,4,0,7.3,0.02,0.04,1,0,540,495,2,683,23,7,10,2,17,68,1,0,0,6.44,92,-0.02,-0.04,0.06
279839,Yeray Alvarez,Athletic Club,DC,7,6,549,0,0,0,0,6.8,0.06,0.12,1,0,285,237,3,361,1,13,7,0,3,33,0,0,0,6.44,83,-0.06,-0.12,0.18
397568,Calebe,Deportivo Alaves,Sub,19,13,789,0,0,2,0,7.1,0.22,0.31,5,1,313,275,13,504,30,9,2,16,18,4,8,0,0,6.43,88,-0.22,-0.31,0.53
401173,Urko Gonzalez de Zarate,Real Sociedad,Sub,36,28,2829,0,0,7,0,7.8,0.72,0.34,18,1,981,794,10,1382,97,32,25,14,42,59,28,0,0,6.42,81,-0.72,-0.34,1.06
545675,Angel Ortiz,Real Betis,DR,13,7,632,0,0,1,0,7.2,0.05,0.61,1,0,250,208,6,432,35,3,1,7,9,16,5,0,0,6.42,83,-0.05,-0.61,0.66
456006,Rahim Alhassane,Real Oviedo,DL,27,18,1847,0,0,2,0,7.8,0.06,0.9,3,0,720,576,17,1239,42,33,21,8,10,70,4,0,0,6.41,80,-0.06,-0.9,0.96
415344,Carlos Dominguez,Celta Vigo,DC,8,6,655,0,0,1,0,6.7,0.41,0.02,2,1,442,404,1,538,15,5,14,0,6,43,4,0,0,6.41,91,-0.41,-0.02,0.43
440159,Alex Freeman,Villarreal,Sub,9,3,396,0,0,0,0,7.3,0.02,0.01,1,0,234,212,1,342,18,4,6,3,2,16,2,0,0,6.41,91,-0.02,-0.01,0.03
244778,Mihailo Ristic,Celta Vigo,DML,5,4,256,0,0,0,0,6.9,0.02,0.01,1,0,146,122,2,196,4,2,1,6,0,7,1,0,0,6.4,84,-0.02,-0.01,0.03
408732,Jesus Vazquez,Valencia,Sub,24,7,1105,0,0,2,0,7.6,0.31,0.63,8,2,339,285,14,670,40,4,11,21,16,32,13,0,0,6.4,84,-0.31,-0.63,0.94
375342,Moussa Diarra,Deportivo Alaves,DL,3,3,216,0,0,1,0,7.1,0.0,0.02,0,0,64,41,1,130,10,1,5,1,4,6,2,0,0,6.4,64,0.0,-0.02,0.02
80774,Marc-Andre ter Stegen,Girona,GK,2,2,189,0,0,0,0,6.7,0.0,0.0,0,0,75,69,0,85,0,0,0,0,0,1,0,4,0,6.4,92,0.0,0.0,0.0
546728,Diego Aguado,Real Madrid,Sub,1,0,34,0,0,0,0,6.4,0.0,0.0,0,0,17,14,0,25,3,0,0,0,0,2,2,0,0,6.4,82,0.0,0.0,0.0
546651,Alassane Diatta,Villarreal,Sub,1,0,25,0,0,0,0,6.4,0.0,0.0,0,0,21,18,0,30,1,0,1,1,0,3,0,0,0,6.4,86,0.0,0.0,0.0
568737,Davinchi,Getafe,DL,14,7,758,0,0,2,0,7.1,0.14,0.3,4,2,212,123,3,456,32,6,9,10,27,24,9,0,0,6.39,58,-0.14,-0.3,0.44
144890,Dani Ceballos,Real Madrid,Sub,16,4,548,0,0,1,0,7.7,0.1,0.34,3,0,450,418,9,544,26,7,1,3,6,5,2,0,0,6.37,93,-0.1,-0.34,0.44
101084,Dimitri Foulquier,Valencia,DR,15,12,1243,0,0,1,0,7.2,0.32,0.09,6,1,518,439,6,806,18,8,11,10,16,40,6,0,0,6.37,85,-0.32,-0.09,0.41
513146,Nicolas Fonseca,Real Oviedo,Sub,19,12,1062,0,0,6,0,7.2,0.29,0.14,8,1,563,480,3,734,62,17,6,2,27,16,7,0,0,6.37,85,-0.29,-0.14,0.43
362623,Oriol Rey,Levante,MC,20,14,1406,0,0,3,0,7.4,0.42,0.23,8,1,575,503,10,734,37,10,13,1,23,33,4,0,0,6.36,87,-0.42,-0.23,0.65
443540,Yaser Asprilla,Girona,FWL,15,6,656,0,0,0,0,7.5,0.53,0.81,15,5,151,129,12,312,10,5,2,13,10,4,10,0,0,6.36,85,-0.53,-0.81,1.34
127618,Renzo Saravia,Valencia,DR,5,4,363,0,0,2,0,7.3,0.02,0.01,1,0,149,123,1,241,14,7,3,2,4,10,2,0,0,6.36,83,-0.02,-0.01,0.03
402630,Mourad El Ghezouani,Elche,Sub,2,0,63,0,0,0,0,6.4,0.09,0.0,1,0,15,11,1,24,4,0,2,0,1,0,0,0,0,6.35,73,-0.09,0.0,0.09
515307,Adama Boiro,Athletic Club,DL,14,8,880,0,0,1,0,7.5,0.04,0.28,2,0,340,296,3,549,23,17,11,8,6,22,3,0,0,6.35,87,-0.04,-0.28,0.32
484251,Sebastian Boselli,Getafe,Sub,11,4,439,0,0,2,0,7.1,0.2,0.08,4,1,85,46,1,178,30,1,7,2,6,18,2,0,0,6.35,54,-0.2,-0.08,0.28
534586,Jano Monserrate,Atletico Madrid,Sub,2,0,32,0,0,0,0,6.4,0.02,0.0,1,1,14,13,0,26,4,0,1,1,2,1,0,0,0,6.35,93,-0.02,0.0,0.02
599413,Job Ochieng,Real Sociedad,Sub,2,1,96,0,0,0,0,6.5,0.06,0.05,1,0,25,20,2,51,3,1,0,2,1,1,0,0,0,6.35,80,-0.06,-0.05,0.11
301330,Leo Petrot,Elche,DL,32,18,1765,0,0,2,1,7.8,0.28,0.07,8,0,951,825,2,1274,45,15,34,3,19,72,5,0,0,6.34,87,-0.28,-0.07,0.35
392383,Unai Vencedor,Levante,MC,16,11,916,0,0,3,1,7.1,0.0,1.12,0,0,416,339,12,537,40,6,14,4,24,14,3,0,0,6.34,81,0.0,-1.12,1.12
474267,Iker Munoz,Osasuna,Sub,19,8,1027,0,0,5,0,7.4,0.37,0.12,9,4,449,381,5,593,27,11,15,4,18,23,6,0,0,6.34,85,-0.37,-0.12,0.49
130331,Andreas Christensen,Barcelona,Sub,13,3,484,0,0,2,0,7.5,0.34,0.02,4,2,361,345,1,409,8,2,14,0,6,19,2,0,0,6.32,96,-0.34,-0.02,0.36
507590,Miguel Sierra,Sevilla,Sub,4,0,81,0,0,0,0,6.5,0.14,0.01,4,1,24,15,0,49,4,0,0,2,1,2,1,0,0,6.32,62,-0.14,-0.01,0.15
454343,Marc Casado,Barcelona,DMC,24,10,1065,0,0,1,0,7.5,0.86,0.31,11,0,898,817,14,1046,26,7,7,2,25,8,6,0,0,6.31,91,-0.86,-0.31,1.17
578374,Manu Fernandez,Celta Vigo,DC,14,9,806,0,0,2,0,7.0,0.04,0.01,2,0,504,454,2,603,13,8,7,1,8,34,6,0,0,6.31,90,-0.04,-0.01,0.05
510360,Buba Sangare,Elche,Sub,12,8,570,0,0,3,0,6.8,0.06,0.02,1,0,245,208,1,407,22,8,10,4,23,13,3,0,0,6.31,85,-0.06,-0.02,0.08
335041,Jon Guridi,Deportivo Alaves,MC,28,15,1325,0,0,1,0,7.3,1.28,0.27,15,4,444,365,11,648,45,10,22,9,15,19,7,0,0,6.3,82,-1.28,-0.27,1.55
345366,Diego Pampin,Levante,Sub,8,6,573,0,0,3,0,6.7,0.12,0.2,3,0,270,231,3,400,20,6,6,6,8,20,4,0,0,6.3,86,-0.12,-0.2,0.32
531953,Pelayo Fernandez,Rayo Vallecano,Sub,1,0,52,0,0,0,0,6.3,0.02,0.0,1,0,35,30,0,41,2,0,3,0,1,3,0,0,0,6.3,86,-0.02,0.0,0.02
327852,Ovie Ejaria,Real Oviedo,Sub,8,2,230,0,0,1,0,6.5,0.18,0.43,3,1,108,95,1,150,8,3,8,4,3,3,4,0,0,6.3,88,-0.18,-0.43,0.61
101613,Ivan Balliu,Rayo Vallecano,Sub,14,6,632,0,0,2,0,6.9,0.49,0.12,3,0,265,218,3,405,17,9,4,7,9,6,1,0,0,6.3,82,-0.49,-0.12,0.61
572375,Dro Fernandez,Barcelona,AMC,4,1,107,0,0,0,0,7.0,0.0,0.03,0,0,47,40,2,61,2,0,2,4,1,0,2,0,0,6.3,85,0.0,-0.03,0.03
445649,Endrick,Real Madrid,Sub,1,0,14,0,0,0,0,6.3,0.0,0.0,0,0,0,0,0,5,0,0,0,1,0,0,0,0,0,6.3,,0.0,0.0,0.0
540352,David Jimenez,Real Madrid,Sub,2,1,78,0,0,0,0,6.6,0.3,0.01,1,1,35,34,0,47,1,0,0,0,0,1,1,0,0,6.3,97,-0.3,-0.01,0.31
591617,Xavi Espart,Barcelona,DR,4,1,184,0,0,0,0,7.4,0.05,0.01,1,0,130,116,0,181,5,5,4,3,0,5,5,0,0,6.28,89,-0.05,-0.01,0.06
438959,Luca Koleosho,Espanyol,Sub,3,0,88,0,0,0,0,6.5,0.06,0.01,1,0,24,23,1,54,1,1,0,4,3,1,1,0,0,6.27,96,-0.06,-0.01,0.07
39722,David Alaba,Real Madrid,Sub,11,5,463,0,0,1,0,6.8,0.15,0.02,4,1,388,362,0,434,7,0,7,0,1,18,0,0,0,6.27,93,-0.15,-0.02,0.17
320713,Joseph Aidoo,Celta Vigo,DC,8,7,681,0,0,0,0,7.1,0.38,0.01,2,0,391,364,0,473,8,9,12,1,5,42,1,0,0,6.27,93,-0.38,-0.01,0.39
541854,Paco Cortes,Levante,FWL,12,4,514,0,0,2,0,6.9,0.44,0.43,12,4,105,81,6,217,8,2,1,9,6,4,9,0,0,6.27,77,-0.44,-0.43,0.87
578266,Nacho Perez,Levante,DR,3,1,160,0,0,1,0,6.5,0.0,0.05,0,0,48,39,2,72,5,2,0,0,1,4,1,0,0,6.27,81,0.0,-0.05,0.05
135625,Matias Vecino,Celta Vigo,Sub,6,2,158,0,0,0,0,6.8,0.1,0.04,2,0,94,79,0,115,10,3,3,1,4,4,1,0,0,6.27,84,-0.1,-0.04,0.14
463426,Kwasi Sibo,Real Oviedo,DMC,26,21,1767,0,0,3,1,7.2,0.34,0.08,9,2,679,589,3,872,50,15,14,4,30,36,17,0,0,6.26,87,-0.34,-0.08,0.42
505924,Jozhua Vertrouwd,Rayo Vallecano,Sub,9,3,490,0,0,0,0,7.4,0.04,0.02,1,0,198,180,2,270,7,4,6,0,6,27,1,0,0,6.26,91,-0.04,-0.02,0.06
534901,Cesar Palacios,Real Madrid,Sub,5,0,101,0,0,0,0,6.5,0.14,0.05,2,0,53,48,1,78,5,3,0,2,4,0,1,0,0,6.26,91,-0.14,-0.05,0.19
318120,Marcao,Sevilla,Sub,13,11,1045,0,0,4,1,7.4,0.7,0.03,10,2,466,407,0,611,18,5,27,1,22,59,0,0,0,6.25,87,-0.7,-0.03,0.73
6227,Dani Rodriguez,Mallorca,Sub,2,0,77,0,0,0,0,6.4,0.05,0.01,1,0,18,12,1,45,2,0,2,1,0,1,5,0,0,6.25,67,-0.05,-0.01,0.06
96566,Juan Cruz,Osasuna,DC,15,7,712,0,0,1,0,6.8,0.44,0.17,1,0,237,209,2,329,6,4,5,2,4,25,1,0,0,6.25,88,-0.44,-0.17,0.61
275035,Donny van de Beek,Girona,Sub,2,1,46,0,0,0,0,6.3,0.04,0.07,2,1,13,12,0,20,0,0,0,0,0,2,0,0,0,6.25,92,-0.04,-0.07,0.11
546570,Luken Beitia,Real Sociedad,Sub,2,1,108,0,0,0,0,6.6,0.0,0.0,0,0,44,39,0,54,1,1,2,1,3,5,1,0,0,6.25,89,0.0,0.0,0.0
130334,Adnan Januzaj,Sevilla,Sub,12,2,388,0,0,1,0,7.0,0.33,0.57,7,0,129,113,11,242,7,1,0,8,8,3,4,0,0,6.24,88,-0.33,-0.57,0.9
318505,Yangel Herrera,Girona,MC,14,8,706,0,0,2,0,6.9,0.57,0.11,6,1,280,221,2,406,20,2,26,5,14,22,9,0,0,6.24,79,-0.57,-0.11,0.68
238940,Thomas Partey,Villarreal,Sub,25,8,1039,0,0,1,0,7.2,0.49,0.23,11,2,547,473,8,697,27,14,14,8,11,18,12,0,0,6.24,86,-0.49,-0.23,0.72
538555,Coba da Costa,Getafe,Sub,14,2,411,0,0,1,0,7.1,0.12,0.37,5,1,132,90,3,251,16,1,18,10,8,1,8,0,0,6.24,68,-0.12,-0.37,0.49
448447,Oier Luengo,Real Oviedo,DC,3,3,240,0,0,0,0,6.3,0.06,0.0,1,0,88,78,1,115,6,2,2,0,2,5,0,0,0,6.23,89,-0.06,0.0,0.06
382492,Tanguy Nianzou,Sevilla,DC,12,8,768,0,0,5,1,7.1,0.32,0.02,9,0,319,282,2,437,16,4,23,2,15,50,4,0,0,6.23,88,-0.32,-0.02,0.34
276819,Javi Munoz,Getafe,Sub,17,4,628,0,0,0,0,7.0,0.35,0.54,13,6,187,129,7,285,10,7,4,4,9,6,7,0,0,6.22,69,-0.35,-0.54,0.89
572374,Jofre Torrents,Barcelona,Sub,3,0,62,0,0,0,0,6.4,0.0,0.01,0,0,34,30,0,54,2,0,1,0,0,2,1,0,0,6.2,88,0.0,-0.01,0.01
557844,Omar Falah,Real Oviedo,Sub,1,0,20,0,0,0,0,6.2,0.0,0.0,0,0,7,6,0,14,0,0,0,0,0,2,0,0,0,6.2,86,0.0,0.0,0.0
462987,Dani Perez,Real Betis,Sub,1,0,6,0,0,0,0,6.2,0.0,0.0,0,0,1,1,0,4,0,0,0,1,0,0,0,0,0,6.2,100,0.0,0.0,0.0
448041,Adria Alti,Villarreal,Sub,1,0,13,0,0,0,0,6.2,0.0,0.0,0,0,8,8,0,10,1,0,0,0,0,0,0,0,0,6.2,100,0.0,0.0,0.0
534797,Toni Fernandez,Barcelona,FW,1,1,45,0,0,0,0,6.2,0.0,0.02,0,0,9,7,1,11,0,0,0,0,0,0,0,0,0,6.2,78,0.0,-0.02,0.02
605382,Alejandro Mestanza,Getafe,Sub,3,1,86,0,0,0,0,6.5,0.02,0.0,1,0,23,17,0,43,2,0,1,2,1,0,1,0,0,6.2,74,-0.02,0.0,0.02
429421,Ruben Iranzo,Valencia,Sub,1,0,12,0,0,0,0,6.2,0.0,0.0,0,0,2,2,0,6,1,0,0,0,1,2,0,0,0,6.2,100,0.0,0.0,0.0
599642,Asier Hierro,Athletic Club,Sub,1,0,40,0,0,0,0,6.2,0.09,0.0,1,0,9,6,1,14,0,0,1,0,0,1,0,0,0,6.2,67,-0.09,0.0,0.09
379208,Federico Gattoni,Sevilla,Sub,1,0,22,0,0,0,0,6.2,0.0,0.0,0,0,1,1,0,4,0,0,1,0,0,2,0,0,0,6.2,100,0.0,0.0,0.0
541901,Aleksa Puric,Atletico Madrid,Sub,2,0,47,0,0,0,0,6.2,0.0,0.0,0,0,16,14,0,21,2,2,1,0,1,1,0,0,0,6.2,88,0.0,0.0,0.0
551186,Pablo Garcia,Real Betis,Sub,15,2,452,0,0,1,0,6.7,0.95,0.07,13,4,96,78,2,210,16,4,0,5,5,1,10,0,0,6.19,81,-0.95,-0.07,1.02
298792,Josip Brekalo,Real Oviedo,Sub,14,6,529,0,0,1,0,6.8,0.31,0.8,9,3,209,152,11,316,18,3,0,4,7,1,3,0,0,6.19,73,-0.31,-0.8,1.11
506011,Antoniu Roca,Espanyol,Sub,13,3,345,0,0,2,0,6.6,0.3,0.33,5,1,56,39,4,130,11,2,2,10,10,0,5,0,0,6.19,70,-0.3,-0.33,0.63
362393,Carlos Protesoni,Deportivo Alaves,Sub,13,3,398,0,0,2,1,6.9,0.19,0.14,3,2,136,112,3,195,12,3,6,0,8,14,2,0,0,6.18,82,-0.19,-0.14,0.33
603190,Carlos Macia,Villarreal,Sub,5,0,102,0,0,1,0,6.5,0.05,0.0,1,0,39,32,0,57,6,2,0,1,1,2,0,0,0,6.18,82,-0.05,0.0,0.05
617819,Javier Morcillo,Atletico Madrid,Sub,5,1,187,0,0,2,0,6.6,0.11,0.01,2,0,70,64,1,88,12,2,2,0,6,3,0,0,0,6.18,91,-0.11,-0.01,0.12
261516,Mikel Vesga,Athletic Club,Sub,23,1,601,0,0,0,0,6.5,0.25,0.09,3,0,283,217,4,385,30,9,14,7,8,10,6,0,0,6.17,77,-0.25,-0.09,0.34
427360,Carlos Martin,Rayo Vallecano,AMR,11,7,477,0,0,1,0,6.8,0.84,0.27,9,4,110,91,3,197,25,0,6,4,11,4,5,0,0,6.17,83,-0.84,-0.27,1.11
400844,Abdul Mumin,Rayo Vallecano,Sub,3,1,93,0,0,0,0,6.2,0.0,0.0,0,0,36,31,0,47,0,2,0,0,2,4,0,0,0,6.17,86,0.0,0.0,0.0
296337,Ferland Mendy,Real Madrid,Sub,5,3,226,0,0,0,0,6.9,0.0,0.02,0,0,158,146,0,182,1,2,2,2,2,1,0,0,0,6.16,92,0.0,-0.02,0.02
537870,Jan Salas,Mallorca,Sub,2,0,26,0,0,0,0,6.2,0.0,0.0,0,0,10,6,0,16,0,0,1,1,0,1,1,0,0,6.15,60,0.0,0.0,0.0
508339,Ali Houary,Elche,MC,2,2,123,0,0,0,0,6.2,0.07,0.01,2,0,53,47,0,81,6,1,0,1,7,1,4,0,0,6.15,89,-0.07,-0.01,0.08
419616,Federico Redondo,Elche,Sub,11,1,244,0,0,0,0,6.6,0.06,0.01,1,0,135,119,1,176,7,5,3,0,8,7,0,0,0,6.15,88,-0.06,-0.01,0.07
469547,Manu Bueno,Sevilla,Sub,8,2,300,0,0,2,0,6.7,0.08,0.12,2,0,108,92,2,148,5,0,1,1,4,3,1,0,0,6.15,85,-0.08,-0.12,0.2
438846,Damian Rodriguez,Celta Vigo,MC,2,2,156,0,0,1,0,6.5,0.06,0.06,3,0,114,106,2,128,1,1,0,0,3,3,0,0,0,6.15,93,-0.06,-0.06,0.12
622084,Miguel Calatayud,Mallorca,Sub,2,0,57,0,0,0,0,6.2,0.05,0.0,1,0,31,28,0,40,2,0,1,1,2,1,0,0,0,6.15,90,-0.05,0.0,0.05
389130,Logan Costa,Villarreal,Sub,2,0,36,0,0,0,0,6.2,0.0,0.01,0,0,26,25,1,28,1,0,0,0,1,1,0,0,0,6.15,96,0.0,-0.01,0.01
343778,Marash Kumbulla,Mallorca,Sub,8,5,477,0,0,1,0,6.4,0.05,0.01,3,0,293,230,1,344,4,2,11,1,2,14,1,0,0,6.14,78,-0.05,-0.01,0.06
468089,Yago Santiago,Elche,Sub,9,3,309,0,0,1,0,6.8,0.12,0.16,2,0,104,89,2,154,5,1,2,4,3,5,2,0,0,6.14,86,-0.12,-0.16,0.28
425092,Antonio Sanchez,Mallorca,DMC,30,9,1199,0,0,5,1,6.6,0.53,0.8,6,3,377,297,12,590,39,12,5,5,16,22,19,0,0,6.13,79,-0.53,-0.8,1.33
517618,Inigo Arguibide,Osasuna,Sub,6,2,210,0,0,0,1,6.8,0.0,0.01,0,0,38,24,1,90,4,2,0,0,3,7,2,0,0,6.13,63,0.0,-0.01,0.01
400185,Arsen Zakharyan,Real Sociedad,Sub,17,3,544,0,0,2,0,6.8,1.0,1.1,14,3,216,172,10,335,15,2,2,1,9,1,3,0,0,6.12,80,-1.0,-1.1,2.1
425231,Veljko Birmancevic,Getafe,Sub,6,1,177,0,0,0,0,6.6,0.07,0.09,2,1,37,22,2,68,3,2,1,2,3,2,2,0,0,6.12,59,-0.07,-0.09,0.16
372828,Abel Ruiz,Girona,Sub,9,0,238,0,0,0,0,6.6,0.23,0.17,5,1,36,28,2,64,2,1,4,1,2,0,1,0,0,6.11,78,-0.23,-0.17,0.4
457175,Tai Abed,Levante,Sub,7,0,127,0,0,0,0,6.5,0.13,0.1,2,1,20,16,1,46,2,1,0,2,2,2,3,0,0,6.11,80,-0.13,-0.1,0.23
323236,Mariano Diaz,Deportivo Alaves,Sub,10,3,347,0,0,1,0,6.7,0.27,0.22,6,3,43,28,2,89,4,0,12,1,13,2,6,0,0,6.1,65,-0.27,-0.22,0.49
349661,Sergio Lozano,Levante,Sub,1,0,21,0,0,0,0,6.1,0.0,0.0,0,0,7,7,0,12,2,0,0,0,0,0,0,0,0,6.1,100,0.0,0.0,0.0
403808,Jairo Izquierdo,Elche,Sub,1,0,31,0,0,0,0,6.1,0.0,0.0,0,0,13,11,0,18,0,0,0,0,0,0,1,0,0,6.1,85,0.0,0.0,0.0
9270,Abdon Prats,Mallorca,Sub,15,0,221,0,0,0,0,6.4,0.45,0.11,4,2,26,17,2,47,4,0,5,1,2,1,2,0,0,6.1,65,-0.45,-0.11,0.56
444249,Dawda Camara,Girona,FW,2,1,77,0,0,0,0,6.4,0.1,0.0,2,1,10,7,2,23,1,1,1,0,2,0,0,0,0,6.1,70,-0.1,0.0,0.1
536136,Ramon Martinez,Sevilla,Sub,2,0,117,0,0,0,0,6.3,0.0,0.0,0,0,64,57,0,72,1,1,1,0,1,2,1,0,0,6.1,89,0.0,0.0,0.0
511122,Juan Arango,Girona,Sub,2,0,25,0,0,1,0,6.4,0.0,0.0,0,0,3,3,0,9,0,0,0,2,1,0,1,0,0,6.1,100,0.0,0.0,0.0
508469,Joselu Perez,Getafe,Sub,2,0,36,0,0,0,0,6.2,0.01,0.0,1,0,4,1,0,13,0,0,2,0,1,2,0,0,0,6.1,25,-0.01,0.0,0.01
598468,Hugo Burcio,Celta Vigo,Sub,1,0,12,0,0,0,0,6.1,0.0,0.0,0,0,5,5,0,6,1,0,0,0,0,0,0,0,0,6.1,100,0.0,0.0,0.0
578871,Ivan Corralejo,Real Betis,Sub,1,0,21,0,0,0,0,6.1,0.0,0.01,0,0,7,7,0,10,2,0,0,0,1,0,0,0,0,6.1,100,0.0,-0.01,0.01
478113,Justin Kalumba,Mallorca,Sub,3,1,102,0,0,0,0,6.4,0.06,0.05,1,0,27,20,0,51,3,0,0,1,2,0,2,0,0,6.1,74,-0.06,-0.05,0.11
511219,Rayane Belaid,Atletico Madrid,AMR,2,2,132,0,0,0,0,6.2,0.55,0.11,4,0,30,27,2,59,6,0,1,2,1,2,3,0,0,6.1,90,-0.55,-0.11,0.66
427117,Hugo Gonzalez,Celta Vigo,Sub,1,0,12,0,0,0,0,6.1,0.0,0.0,0,0,2,1,0,5,1,0,0,0,0,0,0,0,0,6.1,50,0.0,0.0,0.0
106895,Portu,Girona,Sub,10,4,505,0,0,1,0,6.4,1.38,0.36,9,5,78,56,3,149,6,2,5,0,6,0,6,0,0,6.08,72,-1.38,-0.36,1.74
514695,Aitor Manas,Deportivo Alaves,Sub,9,0,173,0,0,0,0,6.3,0.81,0.0,2,1,21,18,2,55,5,1,3,2,2,0,4,0,0,6.08,86,-0.81,0.0,0.81
606004,Manuel Angel,Real Madrid,Sub,4,1,111,0,0,0,0,6.3,0.07,0.05,2,1,69,62,0,88,6,0,0,1,2,1,1,0,0,6.08,90,-0.07,-0.05,0.12
578016,Samu Becerra,Rayo Vallecano,Sub,3,0,27,0,0,0,0,6.2,0.0,0.07,0,0,12,11,1,15,0,0,0,0,1,0,0,0,0,6.07,92,0.0,-0.07,0.07
460759,Thiago Borbas,Real Oviedo,Sub,12,0,231,0,0,1,0,6.3,0.66,0.0,6,2,40,25,0,77,6,0,9,0,7,6,3,0,0,6.07,62,-0.66,0.0,0.66
428593,Javi Llabres,Mallorca,Sub,16,1,264,0,0,0,0,6.4,0.63,0.09,5,2,61,48,1,110,6,0,1,1,4,4,4,0,0,6.05,79,-0.63,-0.09,0.72
603671,Jorge Cestero,Real Madrid,Sub,2,0,17,0,0,0,0,6.1,0.0,0.0,0,0,6,4,0,8,3,0,0,0,0,1,0,0,0,6.05,67,0.0,0.0,0.0
494120,Willy Kambwala,Villarreal,Sub,2,1,93,0,0,0,0,6.3,0.0,0.0,0,0,43,38,0,50,0,0,1,0,0,4,0,0,0,6.05,88,0.0,0.0,0.0
518057,Jorge Cabello,Levante,DC,5,4,383,0,0,1,0,6.8,0.0,0.0,0,0,123,106,0,173,8,0,6,2,3,22,0,0,0,6.04,86,0.0,0.0,0.0
435987,Abu Kamara,Getafe,Sub,12,1,313,0,0,1,0,6.2,0.49,0.07,4,1,76,52,3,139,8,2,3,2,2,1,6,0,0,6.04,68,-0.49,-0.07,0.56
513640,Alex Fores,Real Oviedo,FW,18,3,445,0,0,0,0,6.7,0.91,0.09,8,2,63,43,1,124,5,1,4,3,3,1,4,0,0,6.04,68,-0.91,-0.09,1.0
445345,Jhon Solis,Girona,MC,12,3,420,0,0,0,0,6.5,0.16,0.02,3,2,164,145,1,226,10,4,2,3,2,8,3,0,0,6.03,88,-0.16,-0.02,0.18
137227,Sheraldo Becker,Osasuna,Sub,9,0,206,0,0,0,0,6.3,0.17,0.12,3,0,45,32,2,85,2,3,0,0,4,4,3,0,0,6.03,71,-0.17,-0.12,0.29
291686,Inigo Lekue,Athletic Club,DR,11,8,628,0,0,2,1,6.9,0.11,0.18,3,1,252,194,1,431,20,4,1,6,12,17,5,0,0,6.03,77,-0.11,-0.18,0.29
602289,Gorka Carrera,Real Sociedad,Sub,3,0,79,0,0,1,0,6.3,0.37,0.01,1,1,12,11,0,22,1,1,1,0,2,0,1,0,0,6.03,92,-0.37,-0.01,0.38
238941,Joan Jordan,Sevilla,Sub,3,0,40,0,0,1,0,6.1,0.0,0.0,0,0,27,21,0,38,1,0,0,0,4,6,0,0,0,6.03,78,0.0,0.0,0.0
402092,Jose Salinas,Espanyol,Sub,11,2,320,0,0,2,0,6.8,0.37,0.13,1,0,112,94,5,177,4,3,3,3,8,5,1,0,0,6.02,84,-0.37,-0.13,0.5
370000,Alex Sola,Getafe,Sub,1,0,21,0,0,0,0,6.0,0.0,0.0,0,0,0,0,0,9,0,0,0,0,0,0,0,0,0,6.0,,0.0,0.0,0.0
461767,Borja Sanchez,Real Oviedo,Sub,1,0,20,0,0,0,0,6.0,0.0,0.0,0,0,12,10,0,14,0,0,0,0,0,0,0,0,0,6.0,83,0.0,0.0,0.0
561841,Lander Pinillos,Deportivo Alaves,Sub,1,0,7,0,0,0,0,6.0,0.0,0.0,0,0,1,1,0,3,0,0,0,0,0,0,0,0,0,6.0,100,0.0,0.0,0.0
423913,Jon Karrikaburu,Real Sociedad,Sub,7,0,173,0,0,0,0,6.4,0.7,0.01,7,2,17,10,1,47,3,0,5,0,3,0,0,0,0,6.0,59,-0.7,-0.01,0.71
462919,Hugo Solozabal,Getafe,Sub,1,0,15,0,0,0,0,6.0,0.0,0.0,0,0,5,5,0,6,1,0,0,0,0,0,1,0,0,6.0,100,0.0,0.0,0.0
439650,Wesley,Real Sociedad,Sub,5,1,110,0,0,0,0,6.2,0.02,0.01,1,0,30,21,0,55,0,0,2,3,3,1,4,0,0,6.0,70,-0.02,-0.01,0.03
602216,Tomas Marques,Barcelona,Sub,2,0,15,0,0,0,0,6.0,0.0,0.0,0,0,12,10,0,14,0,0,0,0,1,0,0,0,0,6.0,83,0.0,0.0,0.0
556862,Daniel Diaz,Real Sociedad,Sub,1,0,20,0,0,0,0,6.0,0.0,0.0,0,0,4,3,0,6,0,0,0,0,0,0,0,0,0,6.0,75,0.0,0.0,0.0
605461,Ibai Aguirre,Real Sociedad,Sub,1,0,10,0,0,0,0,6.0,0.0,0.0,0,0,4,1,0,5,0,0,1,0,1,0,1,0,0,6.0,25,0.0,0.0,0.0
602512,Luis Orejuela,Mallorca,DL,1,1,95,0,0,0,0,6.0,0.02,0.0,1,0,32,30,0,69,0,1,1,1,1,3,1,0,0,6.0,94,-0.02,0.0,0.02
606121,Alvaro Leiva,Real Madrid,Sub,1,0,7,0,0,0,0,6.0,0.0,0.0,0,0,2,1,0,3,0,0,0,0,0,0,0,0,0,6.0,50,0.0,0.0,0.0
514956,Inaki Ruperez,Real Sociedad,Sub,1,0,5,0,0,0,0,6.0,0.0,0.0,0,0,2,2,0,2,0,0,0,0,0,0,0,0,0,6.0,100,0.0,0.0,0.0
623490,Manuel Serrano,Real Madrid,Sub,1,0,9,0,0,0,0,6.0,0.0,0.0,0,0,8,8,0,9,0,0,0,0,0,0,0,0,0,6.0,100,0.0,0.0,0.0
538494,Pau Cabanes,Villarreal,Sub,1,0,16,0,0,0,0,6.0,0.0,0.0,0,0,5,4,0,6,0,0,0,0,0,0,0,0,0,6.0,80,0.0,0.0,0.0
39187,rjan Nyland,Sevilla,GK,5,5,481,0,0,1,0,7.6,0.0,0.0,0,0,139,98,0,174,0,0,1,0,0,6,1,11,0,5.96,71,0.0,0.0,0.0
92691,David Lopez,Girona,DC,6,3,306,0,0,0,0,6.3,0.63,0.0,1,1,226,198,0,257,4,0,5,1,2,11,2,0,0,5.95,88,-0.63,0.0,0.63
379633,Bambo Diaby,Elche,Sub,4,1,120,0,0,1,0,6.1,0.0,0.0,0,0,62,59,0,76,3,1,2,0,3,4,0,0,0,5.95,95,0.0,0.0,0.0
582063,Hugo Lopez,Villarreal,Sub,2,1,58,0,0,0,0,6.0,0.0,0.0,0,0,5,5,0,12,1,1,0,0,2,0,1,0,0,5.95,100,0.0,0.0,0.0
602896,Eder Garcia,Athletic Club,Sub,2,0,50,0,0,1,0,6.0,0.06,0.0,1,0,23,17,0,30,0,0,1,0,2,0,1,0,0,5.95,74,-0.06,0.0,0.06
598467,Andres Antanon,Celta Vigo,Sub,2,1,68,0,0,0,0,6.0,0.42,0.0,2,2,18,12,0,27,5,0,1,0,1,0,0,0,0,5.95,67,-0.42,0.0,0.42
396583,Yvan Neyou,Getafe,Sub,5,0,94,0,0,2,0,6.1,0.0,0.01,0,0,18,15,0,36,1,0,0,0,4,3,2,0,0,5.92,83,0.0,-0.01,0.01
597609,Pablo Agudin,Real Oviedo,Sub,7,0,119,0,0,0,0,6.1,0.04,0.0,2,0,20,11,0,49,3,0,2,1,4,2,3,0,0,5.9,55,-0.04,0.0,0.04
508232,Carlos Ballestero,Deportivo Alaves,Sub,1,0,10,0,0,0,0,5.9,0.0,0.0,0,0,0,0,0,2,1,0,0,0,0,1,0,0,0,5.9,,0.0,0.0,0.0
620865,Lluc Castell,Espanyol,Sub,1,0,23,0,0,0,0,5.9,0.0,0.0,0,0,2,1,0,5,0,0,0,0,1,0,0,0,0,5.9,50,0.0,0.0,0.0
546571,Mikel Goti,Real Sociedad,AMC,4,1,93,0,0,0,0,6.0,0.59,0.02,3,0,29,14,0,53,0,0,3,2,6,1,2,0,0,5.83,48,-0.59,-0.02,0.61
516051,Stanis Idumbo,Sevilla,ML,1,1,45,0,0,0,0,5.8,0.06,0.01,1,0,11,7,1,18,2,0,0,0,0,0,0,0,0,5.8,64,-0.06,-0.01,0.07
424737,Bojan Miovski,Girona,FW,1,1,44,0,0,0,0,5.8,0.0,0.0,0,0,3,2,0,4,0,0,0,0,0,0,0,0,0,5.8,67,0.0,0.0,0.0
464011,Diego Morcillo,Deportivo Alaves,Sub,1,0,15,0,0,0,0,5.8,0.45,0.0,1,0,4,2,0,8,0,0,0,0,1,0,0,0,0,5.8,50,-0.45,0.0,0.45
604378,Lander Astiazaran,Real Sociedad,Sub,1,0,6,0,0,0,0,5.8,0.02,0.0,1,0,3,0,0,6,0,0,0,0,0,0,1,0,0,5.8,0,-0.02,0.0,0.02
534587,Taufik Seidu,Atletico Madrid,Sub,1,0,29,0,0,1,0,5.8,0.0,0.0,0,0,4,2,0,7,0,0,0,0,2,0,0,0,0,5.8,50,0.0,0.0,0.0
449383,Alex Padilla,Athletic Club,GK,1,1,92,0,0,0,0,5.8,0.0,0.0,0,0,31,11,0,42,0,0,0,0,0,0,0,4,0,5.8,35,0.0,0.0,0.0
542750,Lancinet Kourouma,Girona,Sub,5,0,72,0,0,0,1,6.1,0.0,0.0,0,0,13,10,0,19,2,1,0,0,2,0,1,0,0,5.78,77,0.0,0.0,0.0
497397,Vladyslav Krapyvtsov,Girona,Sub,2,1,146,0,0,0,0,6.3,0.0,0.0,0,0,39,25,0,54,0,0,0,0,0,2,0,4,0,5.75,64,0.0,0.0,0.0
506112,Marco Esteban,Real Oviedo,Sub,1,0,51,0,0,0,0,5.7,0.0,0.0,0,0,13,11,0,18,0,0,0,0,0,2,0,0,0,5.7,85,0.0,0.0,0.0
498163,Dani Martinez,Atletico Madrid,DC,1,1,96,0,0,0,0,5.7,0.0,0.0,0,0,86,77,0,95,1,1,0,0,1,2,1,0,0,5.7,90,0.0,0.0,0.0
404245,Ladislav Krejci,Girona,DC,2,2,190,0,0,1,0,5.9,0.06,0.0,1,0,104,92,0,119,3,1,3,0,2,1,0,0,0,5.5,88,-0.06,0.0,0.06
546575,Arkaitz Mariezkurrena,Real Sociedad,Sub,1,0,6,0,0,0,0,5.5,0.0,0.0,0,0,0,0,0,2,0,0,0,0,2,2,0,0,0,5.5,,0.0,0.0,0.0
409401,Horatiu Moldovan,Real Oviedo,GK,2,2,187,0,0,0,0,5.8,0.0,0.0,0,0,80,54,0,92,0,0,0,0,0,3,0,4,0,5.5,68,0.0,0.0,0.0
