match_id,date,team,opponent,side,goals,conceded,possession,shots,sot,passes,pass_acc,big_chances,big_missed,saves,fouls,duels_won,xg
4837112,2025-08-15,Girona,Rayo Vallecano,home,1,3,45,7,5,424,77,1,0,4,8,48,0.6
4837112,2025-08-15,Rayo Vallecano,Girona,away,3,1,55,16,6,519,86,4,1,4,17,52,2.85
4837118,2025-08-15,Villarreal,Real Oviedo,home,2,0,68,25,14,726,89,3,3,4,10,43,2.19
4837118,2025-08-15,Real Oviedo,Villarreal,away,0,2,32,5,4,344,82,1,1,12,8,57,0.87
4837114,2025-08-16,Mallorca,Barcelona,home,0,3,30,4,2,254,68,1,1,12,8,27,0.46
4837114,2025-08-16,Barcelona,Mallorca,away,3,0,70,24,15,596,88,1,0,2,17,73,1.67
4837109,2025-08-16,Deportivo Alaves,Levante,home,2,1,62,15,8,535,78,2,0,5,15,51,1.23
4837109,2025-08-16,Levante,Deportivo Alaves,away,1,2,38,7,6,334,67,1,0,6,13,49,0.57
4837117,2025-08-16,Valencia,Real Sociedad,home,1,1,54,18,11,440,83,2,1,5,5,43,1.53
4837117,2025-08-16,Real Sociedad,Valencia,away,1,1,46,13,6,376,82,1,1,9,11,57,0.97
4837111,2025-08-17,Celta Vigo,Getafe,home,0,2,69,11,8,618,86,1,1,5,15,41,0.49
4837111,2025-08-17,Getafe,Celta Vigo,away,2,0,31,10,7,280,72,2,0,9,17,59,1.15
4837110,2025-08-17,Athletic Club,Sevilla,home,3,2,46,14,11,433,75,3,1,6,8,48,2.22
4837110,2025-08-17,Sevilla,Athletic Club,away,2,3,54,12,8,509,82,0,0,8,12,52,0.7
4837113,2025-08-17,Espanyol,Atletico Madrid,home,2,1,40,9,5,436,79,2,1,7,14,52,1.1
4837113,2025-08-17,Atletico Madrid,Espanyol,away,1,2,60,15,8,646,88,1,1,3,11,48,1.09
4837115,2025-08-18,Elche,Real Betis,home,1,1,68,6,3,722,89,2,1,7,14,50,0.87
4837115,2025-08-18,Real Betis,Elche,away,1,1,32,12,8,345,80,2,1,2,13,50,0.97
4837116,2025-08-19,Real Madrid,Osasuna,home,1,0,70,18,11,767,90,1,0,0,10,52,1.37
4837116,2025-08-19,Osasuna,Real Madrid,away,0,1,30,2,0,326,75,0,0,10,12,48,0.14
4837123,2025-08-22,Real Betis,Deportivo Alaves,home,1,0,49,16,9,506,85,3,2,6,10,44,1.5
4837123,2025-08-22,Deportivo Alaves,Real Betis,away,0,1,51,11,6,523,81,3,3,9,17,56,0.95
4837125,2025-08-23,Mallorca,Celta Vigo,home,1,1,50,12,5,471,84,1,1,3,12,47,0.74
4837125,2025-08-23,Celta Vigo,Mallorca,away,1,1,50,8,4,479,84,2,1,4,12,53,0.73
4837120,2025-08-23,Atletico Madrid,Elche,home,1,1,58,13,9,605,82,3,2,2,14,52,1.31
4837120,2025-08-23,Elche,Atletico Madrid,away,1,1,42,6,3,437,81,1,0,8,7,48,0.5
4837124,2025-08-23,Levante,Barcelona,home,2,3,19,9,8,190,62,6,4,17,10,50,2.33
4837124,2025-08-23,Barcelona,Levante,away,3,2,81,26,18,816,90,3,2,4,8,50,2.27
4837121,2025-08-24,Osasuna,Valencia,home,1,0,55,16,10,503,80,1,0,2,14,68,1.06
4837121,2025-08-24,Valencia,Osasuna,away,0,1,45,4,2,409,79,1,1,9,13,32,0.54
4837126,2025-08-24,Real Sociedad,Espanyol,home,2,2,62,15,11,542,84,3,2,5,16,51,1.22
4837126,2025-08-24,Espanyol,Real Sociedad,away,2,2,38,14,7,337,70,2,0,8,18,49,1.75
4837128,2025-08-24,Villarreal,Girona,home,5,0,52,19,12,551,89,4,1,4,8,62,2.32
4837128,2025-08-24,Girona,Villarreal,away,0,5,48,5,4,499,89,0,0,7,9,38,0.16
4837122,2025-08-24,Real Oviedo,Real Madrid,home,0,3,36,6,3,407,83,0,0,18,8,44,0.36
4837122,2025-08-24,Real Madrid,Real Oviedo,away,3,0,64,26,20,735,90,4,3,3,7,56,2.19
4837119,2025-08-25,Athletic Club,Rayo Vallecano,home,1,0,40,11,8,366,73,2,1,4,13,60,1.6
4837119,2025-08-25,Rayo Vallecano,Athletic Club,away,0,1,60,6,4,541,81,1,1,7,13,40,0.25
4837127,2025-08-25,Sevilla,Getafe,home,1,2,70,12,4,588,82,1,1,6,10,54,0.74
4837127,2025-08-25,Getafe,Sevilla,away,2,1,30,10,9,252,61,3,2,4,24,46,1.34
4837131,2025-08-29,Elche,Levante,home,2,0,67,16,9,609,87,1,0,3,14,67,1.05
4837131,2025-08-29,Levante,Elche,away,0,2,33,11,3,303,78,1,1,7,17,33,0.71
4837137,2025-08-29,Valencia,Getafe,home,3,0,57,7,6,458,78,3,1,5,18,61,1.14
4837137,2025-08-29,Getafe,Valencia,away,0,3,43,11,5,340,78,1,1,3,7,39,0.61
4837129,2025-08-30,Deportivo Alaves,Atletico Madrid,home,1,1,40,5,3,398,79,1,0,8,10,46,0.91
4837129,2025-08-30,Atletico Madrid,Deportivo Alaves,away,1,1,60,15,9,601,82,1,1,2,17,54,0.79
4837134,2025-08-30,Real Oviedo,Real Sociedad,home,1,0,43,8,1,436,81,0,0,9,7,49,0.32
4837134,2025-08-30,Real Sociedad,Real Oviedo,away,0,1,57,18,9,584,82,0,0,0,18,51,0.86
4837133,2025-08-30,Girona,Sevilla,home,0,2,59,20,14,490,80,3,3,5,5,61,2.06
4837133,2025-08-30,Sevilla,Girona,away,2,0,41,13,7,343,79,2,1,12,14,39,1.26
4837138,2025-08-30,Real Madrid,Mallorca,home,2,1,58,17,11,574,87,2,1,6,12,57,1.63
4837138,2025-08-30,Mallorca,Real Madrid,away,1,2,42,9,7,408,77,1,1,9,7,43,0.71
4837130,2025-08-31,Celta Vigo,Villarreal,home,1,1,64,10,6,777,88,2,1,3,11,52,1.14
4837130,2025-08-31,Villarreal,Celta Vigo,away,1,1,36,8,4,431,79,1,0,6,8,48,0.82
4837135,2025-08-31,Real Betis,Athletic Club,home,1,2,50,10,6,488,81,1,0,9,9,58,0.76
4837135,2025-08-31,Athletic Club,Real Betis,away,2,1,50,15,10,485,82,2,1,4,16,42,1.0
4837132,2025-08-31,Espanyol,Osasuna,home,1,0,46,10,5,444,77,2,2,5,13,41,1.15
4837132,2025-08-31,Osasuna,Espanyol,away,0,1,54,10,5,529,81,2,2,4,14,59,1.07
4837136,2025-08-31,Rayo Vallecano,Barcelona,home,1,1,44,12,9,376,72,5,4,5,16,36,2.04
4837136,2025-08-31,Barcelona,Rayo Vallecano,away,1,1,56,12,6,483,81,3,2,8,8,64,1.86
4837147,2025-09-12,Sevilla,Elche,home,2,2,53,7,5,434,82,0,0,0,23,63,0.33
4837147,2025-09-12,Elche,Sevilla,away,2,2,47,5,2,384,80,2,1,4,19,37,0.63
4837143,2025-09-13,Getafe,Real Oviedo,home,2,0,48,10,6,389,76,2,0,3,12,40,0.74
4837143,2025-09-13,Real Oviedo,Getafe,away,0,2,52,5,3,424,79,1,1,4,18,60,0.27
4837148,2025-09-13,Real Sociedad,Real Madrid,home,1,2,63,23,16,582,82,5,4,7,17,42,2.89
4837148,2025-09-13,Real Madrid,Real Sociedad,away,2,1,37,16,9,335,76,3,1,14,7,58,1.8
4837145,2025-09-13,Athletic Club,Deportivo Alaves,home,0,1,58,13,9,526,77,1,1,2,17,44,0.55
4837145,2025-09-13,Deportivo Alaves,Athletic Club,away,1,0,42,4,2,384,70,0,0,8,21,56,0.08
4837139,2025-09-13,Atletico Madrid,Villarreal,home,2,0,60,8,5,656,88,3,1,4,12,41,1.16
4837139,2025-09-13,Villarreal,Atletico Madrid,away,0,2,40,8,4,433,84,1,1,2,15,59,0.68
4837141,2025-09-14,Celta Vigo,Girona,home,1,1,60,21,12,686,87,2,1,10,7,46,2.09
4837141,2025-09-14,Girona,Celta Vigo,away,1,1,40,13,11,464,83,2,2,11,9,54,0.91
4837146,2025-09-14,Levante,Real Betis,home,2,2,33,5,3,296,72,2,0,17,16,47,0.72
4837146,2025-09-14,Real Betis,Levante,away,2,2,67,28,20,609,85,3,2,1,11,53,2.08
4837144,2025-09-14,Osasuna,Rayo Vallecano,home,2,0,36,9,8,341,75,3,1,12,13,66,1.48
4837144,2025-09-14,Rayo Vallecano,Osasuna,away,0,2,64,19,12,597,84,0,0,6,7,34,0.78
4837140,2025-09-14,Barcelona,Valencia,home,6,0,71,24,14,714,90,6,3,1,9,60,2.92
4837140,2025-09-14,Valencia,Barcelona,away,0,6,29,2,1,289,68,0,0,9,8,40,0.07
4837142,2025-09-15,Espanyol,Mallorca,home,3,2,38,9,4,333,78,4,1,15,9,34,2.09
4837142,2025-09-15,Mallorca,Espanyol,away,2,3,62,24,18,545,83,2,0,1,16,66,2.08
4837151,2025-09-19,Real Betis,Real Sociedad,home,3,1,50,21,13,520,81,3,2,8,7,44,2.15
4837151,2025-09-19,Real Sociedad,Real Betis,away,1,3,50,12,10,522,78,1,1,10,20,56,0.66
4837153,2025-09-20,Girona,Levante,home,0,4,35,7,4,330,82,0,0,4,11,40,0.4
4837153,2025-09-20,Levante,Girona,away,4,0,65,14,8,608,90,8,5,4,17,60,3.12
4837157,2025-09-20,Real Madrid,Espanyol,home,2,0,72,16,10,788,92,3,3,6,10,54,1.45
4837157,2025-09-20,Espanyol,Real Madrid,away,0,2,28,8,6,303,81,1,1,8,20,46,0.82
4837149,2025-09-20,Deportivo Alaves,Sevilla,home,1,2,49,8,6,442,76,1,0,3,20,46,0.91
4837149,2025-09-20,Sevilla,Deportivo Alaves,away,2,1,51,9,5,465,79,2,2,5,19,54,0.86
4837158,2025-09-20,Villarreal,Osasuna,home,2,1,66,26,14,553,85,6,5,2,10,49,2.85
4837158,2025-09-20,Osasuna,Villarreal,away,1,2,34,6,3,290,77,3,2,11,11,51,1.72
4837154,2025-09-20,Valencia,Athletic Club,home,2,0,44,13,7,418,78,4,2,9,13,57,1.71
4837154,2025-09-20,Athletic Club,Valencia,away,0,2,56,11,9,533,80,0,0,5,6,43,0.44
4837156,2025-09-21,Rayo Vallecano,Celta Vigo,home,1,1,58,15,7,587,83,3,2,7,8,51,1.29
4837156,2025-09-21,Celta Vigo,Rayo Vallecano,away,1,1,42,9,8,421,76,3,2,6,10,49,1.01
4837155,2025-09-21,Mallorca,Atletico Madrid,home,1,1,42,8,5,438,81,1,0,6,14,62,0.7
4837155,2025-09-21,Atletico Madrid,Mallorca,away,1,1,58,12,8,598,85,4,3,3,6,38,2.24
4837152,2025-09-21,Elche,Real Oviedo,home,1,0,60,15,11,633,88,1,0,7,9,45,1.17
4837152,2025-09-21,Real Oviedo,Elche,away,0,1,40,12,7,417,80,2,2,10,18,55,0.77
4837150,2025-09-21,Barcelona,Getafe,home,3,0,70,16,9,772,90,5,2,2,9,49,2.37
4837150,2025-09-21,Getafe,Barcelona,away,0,3,30,3,2,331,68,0,0,6,16,51,0.2
4837167,2025-08-27,Celta Vigo,Real Betis,home,1,1,47,14,8,536,87,2,2,4,13,52,0.89
4837167,2025-08-27,Real Betis,Celta Vigo,away,1,1,53,7,5,600,89,2,1,7,11,48,0.82
4837160,2025-09-23,Athletic Club,Girona,home,1,1,67,17,10,668,83,4,4,3,19,64,1.79
4837160,2025-09-23,Girona,Athletic Club,away,1,1,33,6,4,333,74,2,1,9,15,36,0.76
4837162,2025-09-23,Espanyol,Valencia,home,2,2,56,21,14,512,78,7,6,1,9,48,2.59
4837162,2025-09-23,Valencia,Espanyol,away,2,2,44,5,3,400,77,2,0,12,9,52,0.87
4837163,2025-09-23,Levante,Real Madrid,home,1,4,38,11,8,439,87,3,2,9,17,45,1.74
4837163,2025-09-23,Real Madrid,Levante,away,4,1,62,24,13,724,90,6,4,7,9,55,3.15
4837164,2025-09-23,Sevilla,Villarreal,home,1,2,65,16,10,651,86,1,1,6,17,58,1.07
4837164,2025-09-23,Villarreal,Sevilla,away,2,1,35,12,8,352,80,5,3,9,14,42,1.93
4837165,2025-09-24,Getafe,Deportivo Alaves,home,1,1,46,7,6,339,69,1,0,7,14,48,0.5
4837165,2025-09-24,Deportivo Alaves,Getafe,away,1,1,54,10,7,396,72,2,1,4,20,52,1.05
4837161,2025-09-24,Atletico Madrid,Rayo Vallecano,home,3,2,61,20,12,630,86,7,5,1,6,53,3.63
4837161,2025-09-24,Rayo Vallecano,Atletico Madrid,away,2,3,39,9,3,410,79,3,2,9,12,47,1.11
4837169,2025-09-24,Real Sociedad,Mallorca,home,1,0,63,17,7,596,79,4,3,4,13,53,2.27
4837169,2025-09-24,Mallorca,Real Sociedad,away,0,1,37,7,4,344,72,1,1,7,15,47,0.7
4837168,2025-09-25,Osasuna,Elche,home,1,1,40,9,5,414,76,1,1,9,19,59,0.76
4837168,2025-09-25,Elche,Osasuna,away,1,1,60,12,10,623,84,3,2,4,13,41,1.02
4837166,2025-09-25,Real Oviedo,Barcelona,home,1,3,21,7,6,227,66,2,2,15,10,48,0.79
4837166,2025-09-25,Barcelona,Real Oviedo,away,3,1,79,22,18,833,90,2,0,5,6,52,2.04
4837178,2025-09-26,Girona,Espanyol,home,0,0,59,12,8,568,85,1,1,9,9,50,0.87
4837178,2025-09-26,Espanyol,Girona,away,0,0,41,20,10,389,80,0,0,8,11,50,0.92
4837173,2025-09-27,Getafe,Levante,home,1,1,53,11,5,381,64,2,1,3,15,53,0.86
4837173,2025-09-27,Levante,Getafe,away,1,1,47,11,5,332,60,3,2,3,16,47,1.22
4837170,2025-09-27,Atletico Madrid,Real Madrid,home,5,2,38,13,9,346,75,5,1,2,17,41,2.51
4837170,2025-09-27,Real Madrid,Atletico Madrid,away,2,5,62,6,4,574,86,2,0,4,14,59,0.83
4837175,2025-09-27,Mallorca,Deportivo Alaves,home,1,0,39,12,8,362,74,1,0,6,14,53,0.82
4837175,2025-09-27,Deportivo Alaves,Mallorca,away,0,1,61,12,6,562,83,0,0,6,18,47,0.51
4837176,2025-09-27,Villarreal,Athletic Club,home,1,0,42,14,8,416,79,3,3,11,13,63,1.49
4837176,2025-09-27,Athletic Club,Villarreal,away,0,1,58,16,11,568,83,2,2,7,11,37,1.27
4837174,2025-09-28,Rayo Vallecano,Sevilla,home,0,1,63,18,11,549,79,2,2,2,12,51,1.76
4837174,2025-09-28,Sevilla,Rayo Vallecano,away,1,0,37,4,3,318,67,1,0,11,15,49,0.48
4837177,2025-09-28,Elche,Celta Vigo,home,2,1,61,17,13,611,89,7,5,4,12,50,3.37
4837177,2025-09-28,Celta Vigo,Elche,away,1,2,39,8,5,391,82,2,1,11,20,50,0.87
4837171,2025-09-28,Barcelona,Real Sociedad,home,2,1,74,22,17,794,90,5,4,3,6,64,2.9
4837171,2025-09-28,Real Sociedad,Barcelona,away,1,2,26,7,4,277,77,1,0,14,12,36,0.78
4837172,2025-09-28,Real Betis,Osasuna,home,2,0,50,12,9,548,82,1,0,4,6,44,0.87
4837172,2025-09-28,Osasuna,Real Betis,away,0,2,50,12,4,540,82,0,0,7,7,56,0.65
4837179,2025-09-30,Valencia,Real Oviedo,home,1,2,57,16,8,574,86,3,3,5,14,50,1.95
4837179,2025-09-30,Real Oviedo,Valencia,away,2,1,43,10,7,441,81,1,0,7,12,50,0.68
4837187,2025-10-03,Osasuna,Getafe,home,2,1,57,7,3,493,72,1,0,2,11,58,0.64
4837187,2025-10-03,Getafe,Osasuna,away,1,2,43,6,3,367,69,2,1,2,14,42,0.78
4837188,2025-10-04,Real Oviedo,Levante,home,0,2,57,13,7,542,83,3,3,11,10,65,1.47
4837188,2025-10-04,Levante,Real Oviedo,away,2,0,43,14,13,405,79,1,0,7,10,35,1.53
4837182,2025-10-04,Girona,Valencia,home,2,1,45,4,4,417,80,3,2,10,13,53,1.07
4837182,2025-10-04,Valencia,Girona,away,1,2,55,19,11,501,82,3,2,2,12,47,1.9
4837181,2025-10-04,Athletic Club,Mallorca,home,2,1,52,18,12,493,82,2,0,1,16,46,1.82
4837181,2025-10-04,Mallorca,Athletic Club,away,1,2,48,6,2,458,81,1,1,10,13,54,0.47
4837183,2025-10-04,Real Madrid,Villarreal,home,3,1,69,26,16,749,91,7,5,5,9,59,3.64
4837183,2025-10-04,Villarreal,Real Madrid,away,1,3,31,9,6,336,80,1,1,13,14,41,0.86
4837180,2025-10-05,Deportivo Alaves,Elche,home,3,1,47,25,17,443,79,3,1,4,13,41,2.31
4837180,2025-10-05,Elche,Deportivo Alaves,away,1,3,53,6,5,495,85,2,1,13,9,59,0.7
4837185,2025-10-05,Sevilla,Barcelona,home,4,1,39,13,7,298,76,5,2,12,18,48,2.79
4837185,2025-10-05,Barcelona,Sevilla,away,1,4,61,17,13,463,84,5,4,3,9,52,2.5
4837186,2025-10-05,Espanyol,Real Betis,home,1,2,50,14,6,509,79,3,3,4,16,49,2.08
4837186,2025-10-05,Real Betis,Espanyol,away,2,1,50,12,6,501,81,2,1,5,4,51,1.19
4837189,2025-10-05,Real Sociedad,Rayo Vallecano,home,0,1,51,10,9,459,78,1,1,3,13,62,0.82
4837189,2025-10-05,Rayo Vallecano,Real Sociedad,away,1,0,49,7,4,448,78,3,2,9,21,38,1.19
4837184,2025-10-05,Celta Vigo,Atletico Madrid,home,1,1,60,19,8,773,89,3,2,2,7,43,2.31
4837184,2025-10-05,Atletico Madrid,Celta Vigo,away,1,1,40,6,2,522,86,1,1,6,10,57,0.54
4837198,2025-10-17,Real Oviedo,Espanyol,home,0,2,60,13,8,574,86,1,1,11,9,54,0.95
4837198,2025-10-17,Espanyol,Real Oviedo,away,2,0,40,19,14,380,77,6,4,8,8,46,3.93
4837199,2025-10-18,Sevilla,Mallorca,home,1,3,58,13,11,458,80,1,0,3,16,58,0.88
4837199,2025-10-18,Mallorca,Sevilla,away,3,1,42,7,6,337,72,3,0,10,13,42,1.27
4837192,2025-10-18,Barcelona,Girona,home,2,1,67,27,15,709,89,2,1,6,10,59,2.04
4837192,2025-10-18,Girona,Barcelona,away,1,2,33,11,7,342,81,3,3,13,7,41,1.57
4837197,2025-10-18,Villarreal,Real Betis,home,2,2,40,7,3,405,79,2,1,7,13,52,0.86
4837197,2025-10-18,Real Betis,Villarreal,away,2,2,60,16,9,609,85,0,0,2,10,48,0.9
4837191,2025-10-18,Atletico Madrid,Osasuna,home,1,0,58,18,9,565,86,5,4,4,10,51,2.12
4837191,2025-10-18,Osasuna,Atletico Madrid,away,0,1,42,9,4,407,78,1,1,8,11,49,0.83
4837196,2025-10-19,Elche,Athletic Club,home,0,0,68,15,11,644,85,0,0,2,14,43,0.7
4837196,2025-10-19,Athletic Club,Elche,away,0,0,32,4,2,299,72,0,0,11,20,57,0.21
4837193,2025-10-19,Celta Vigo,Real Sociedad,home,1,1,42,4,1,415,77,2,1,11,10,57,0.89
4837193,2025-10-19,Real Sociedad,Celta Vigo,away,1,1,58,17,13,570,84,4,4,0,20,43,1.69
4837195,2025-10-19,Levante,Rayo Vallecano,home,0,3,54,17,12,475,77,1,1,4,6,52,0.87
4837195,2025-10-19,Rayo Vallecano,Levante,away,3,0,46,10,7,399,80,5,2,12,18,48,2.02
4837194,2025-10-19,Getafe,Real Madrid,home,0,1,24,7,2,217,54,1,1,12,27,34,0.61
4837194,2025-10-19,Real Madrid,Getafe,away,1,0,76,23,14,673,86,3,2,2,11,66,1.84
4837190,2025-10-20,Deportivo Alaves,Valencia,home,0,0,63,13,6,560,82,1,1,2,13,52,0.75
4837190,2025-10-20,Valencia,Deportivo Alaves,away,0,0,37,5,2,332,69,1,1,6,20,48,0.27
4837202,2025-10-24,Real Sociedad,Sevilla,home,2,1,40,5,3,338,67,3,2,2,19,50,1.37
4837202,2025-10-24,Sevilla,Real Sociedad,away,1,2,60,6,3,512,75,0,0,1,14,50,0.23
4837201,2025-10-25,Girona,Real Oviedo,home,3,3,65,8,7,598,86,4,2,3,13,54,2.32
4837201,2025-10-25,Real Oviedo,Girona,away,3,3,35,10,7,324,77,4,1,4,16,46,1.99
4837208,2025-10-25,Espanyol,Elche,home,1,0,32,16,8,306,74,3,2,9,14,49,2.01
4837208,2025-10-25,Elche,Espanyol,away,0,1,68,13,9,646,85,2,2,7,15,51,1.0
4837200,2025-10-25,Athletic Club,Getafe,home,0,1,56,7,6,484,76,0,0,7,15,54,0.32
4837200,2025-10-25,Getafe,Athletic Club,away,1,0,44,8,7,386,61,2,1,6,14,46,0.86
4837203,2025-10-25,Valencia,Villarreal,home,0,2,57,15,9,584,84,0,0,6,13,66,0.76
4837203,2025-10-25,Villarreal,Valencia,away,2,0,43,12,8,446,85,4,2,9,14,34,2.15
4837209,2025-10-26,Mallorca,Levante,home,1,1,62,20,9,606,83,4,4,8,8,45,1.59
4837209,2025-10-26,Levante,Mallorca,away,1,1,38,13,10,364,69,4,3,9,13,55,1.72
4837206,2025-10-26,Real Madrid,Barcelona,home,2,1,32,23,17,312,80,4,2,9,12,57,3.21
4837206,2025-10-26,Barcelona,Real Madrid,away,1,2,68,15,10,673,89,1,0,16,9,43,1.03
4837207,2025-10-26,Osasuna,Celta Vigo,home,2,3,61,17,10,610,82,3,2,4,10,50,2.29
4837207,2025-10-26,Celta Vigo,Osasuna,away,3,2,39,11,7,386,81,2,0,8,13,50,1.27
4837204,2025-10-26,Rayo Vallecano,Deportivo Alaves,home,1,0,54,15,7,467,79,2,1,9,13,43,1.35
4837204,2025-10-26,Deportivo Alaves,Rayo Vallecano,away,0,1,46,12,9,400,72,1,1,6,11,57,0.98
4837205,2025-10-27,Real Betis,Atletico Madrid,home,0,2,57,17,10,597,84,2,2,3,9,54,1.43
4837205,2025-10-27,Atletico Madrid,Real Betis,away,2,0,43,9,5,449,80,1,1,10,18,46,0.83
4837214,2025-10-31,Getafe,Girona,home,2,1,43,12,5,315,63,2,0,5,17,47,1.02
4837214,2025-10-31,Girona,Getafe,away,1,2,57,8,6,426,75,2,1,3,15,53,1.46
4837219,2025-11-01,Villarreal,Rayo Vallecano,home,4,0,48,16,10,449,86,3,1,6,7,59,2.38
4837219,2025-11-01,Rayo Vallecano,Villarreal,away,0,4,52,13,6,491,84,1,1,6,11,41,0.92
4837211,2025-11-01,Atletico Madrid,Sevilla,home,3,0,47,15,9,507,82,6,4,3,9,49,3.02
4837211,2025-11-01,Sevilla,Atletico Madrid,away,0,3,53,10,3,562,85,0,0,6,12,51,0.27
4837216,2025-11-01,Real Sociedad,Athletic Club,home,3,2,51,9,6,414,73,4,1,4,20,50,1.99
4837216,2025-11-01,Athletic Club,Real Sociedad,away,2,3,49,11,6,398,76,1,0,3,8,50,0.76
4837215,2025-11-01,Real Madrid,Valencia,home,4,0,65,21,17,754,89,4,2,2,14,48,2.84
4837215,2025-11-01,Valencia,Real Madrid,away,0,4,35,4,2,412,82,1,1,12,7,52,0.52
4837217,2025-11-02,Levante,Celta Vigo,home,1,2,36,9,4,365,76,2,2,9,10,51,1.17
4837217,2025-11-02,Celta Vigo,Levante,away,2,1,64,20,11,645,87,1,1,3,12,49,1.29
4837210,2025-11-02,Deportivo Alaves,Espanyol,home,2,1,54,13,7,500,82,4,3,11,14,57,1.67
4837210,2025-11-02,Espanyol,Deportivo Alaves,away,1,2,46,18,12,434,76,1,1,5,12,43,0.94
4837212,2025-11-02,Barcelona,Elche,home,3,1,49,17,11,452,82,5,3,4,12,50,2.32
4837212,2025-11-02,Elche,Barcelona,away,1,3,51,9,5,464,83,1,1,8,16,50,0.47
4837213,2025-11-02,Real Betis,Mallorca,home,3,0,52,15,11,579,86,5,4,4,9,39,2.33
4837213,2025-11-02,Mallorca,Real Betis,away,0,3,48,14,4,532,84,1,1,8,8,61,0.76
4837218,2025-11-03,Real Oviedo,Osasuna,home,0,0,52,8,4,444,81,2,2,6,17,58,0.89
4837218,2025-11-03,Osasuna,Real Oviedo,away,0,0,48,11,6,409,83,0,0,4,17,42,0.49
4837222,2025-11-07,Elche,Real Sociedad,home,1,1,63,12,4,614,86,1,0,7,14,58,0.78
4837222,2025-11-07,Real Sociedad,Elche,away,1,1,37,13,9,365,75,2,1,3,15,42,1.47
4837225,2025-11-08,Girona,Deportivo Alaves,home,1,0,52,10,6,548,85,2,1,7,9,58,1.08
4837225,2025-11-08,Deportivo Alaves,Girona,away,0,1,48,14,7,510,82,3,3,5,15,42,1.57
4837229,2025-11-08,Sevilla,Osasuna,home,1,0,47,10,8,364,76,3,2,8,21,61,1.73
4837229,2025-11-08,Osasuna,Sevilla,away,0,1,53,9,8,403,76,1,1,7,13,39,0.85
4837221,2025-11-08,Atletico Madrid,Levante,home,3,1,74,25,16,701,86,4,2,3,5,50,2.75
4837221,2025-11-08,Levante,Atletico Madrid,away,1,3,26,7,5,245,71,3,2,14,6,50,0.98
4837223,2025-11-08,Espanyol,Villarreal,home,0,2,55,14,10,629,84,0,0,5,9,45,0.57
4837223,2025-11-08,Villarreal,Espanyol,away,2,0,45,9,6,514,85,1,0,10,9,55,1.36
4837220,2025-11-09,Athletic Club,Real Oviedo,home,1,0,48,21,9,468,82,5,4,2,12,55,1.74
4837220,2025-11-09,Real Oviedo,Athletic Club,away,0,1,52,4,2,513,81,1,1,9,8,45,0.31
4837224,2025-11-09,Rayo Vallecano,Real Madrid,home,0,0,46,13,5,417,81,2,2,11,17,44,1.21
4837224,2025-11-09,Real Madrid,Rayo Vallecano,away,0,0,54,21,11,497,83,1,1,5,7,56,0.79
4837227,2025-11-09,Valencia,Real Betis,home,1,1,43,17,11,452,82,3,3,2,13,47,2.04
4837227,2025-11-09,Real Betis,Valencia,away,1,1,57,9,4,595,86,3,2,9,10,53,1.4
4837228,2025-11-09,Mallorca,Getafe,home,1,0,39,6,5,308,63,3,2,9,15,55,1.33
4837228,2025-11-09,Getafe,Mallorca,away,0,1,61,14,9,474,72,1,1,4,8,45,0.64
4837226,2025-11-09,Celta Vigo,Barcelona,home,2,4,39,5,4,484,84,1,0,11,13,44,0.53
4837226,2025-11-09,Barcelona,Celta Vigo,away,4,2,61,21,17,754,90,6,4,2,10,56,3.31
4837238,2025-11-21,Valencia,Levante,home,1,0,59,14,9,582,83,3,2,1,16,52,1.74
4837238,2025-11-21,Levante,Valencia,away,0,1,41,7,1,399,77,2,2,8,15,48,0.8
4837230,2025-11-22,Deportivo Alaves,Celta Vigo,home,0,1,52,5,2,560,82,0,0,4,21,56,0.22
4837230,2025-11-22,Celta Vigo,Deportivo Alaves,away,1,0,48,7,5,521,82,2,1,2,15,44,1.26
4837236,2025-11-22,Barcelona,Athletic Club,home,4,0,67,19,14,724,88,4,1,5,9,60,2.28
4837236,2025-11-22,Athletic Club,Barcelona,away,0,4,33,13,5,351,79,2,2,10,9,40,1.17
4837234,2025-11-22,Osasuna,Real Sociedad,home,1,3,47,14,6,444,77,1,0,11,13,43,0.94
4837234,2025-11-22,Real Sociedad,Osasuna,away,3,1,53,19,14,500,83,3,2,6,7,57,1.71
4837239,2025-11-22,Villarreal,Mallorca,home,2,1,58,14,10,554,83,4,2,4,17,48,2.83
4837239,2025-11-22,Mallorca,Villarreal,away,1,2,42,9,5,403,76,3,3,8,8,52,1.09
4837235,2025-11-23,Real Oviedo,Rayo Vallecano,home,0,0,39,8,4,363,78,1,1,6,11,54,0.42
4837235,2025-11-23,Rayo Vallecano,Real Oviedo,away,0,0,61,12,6,560,87,2,2,4,13,46,1.62
4837231,2025-11-23,Real Betis,Girona,home,1,1,54,23,11,584,83,2,1,8,10,43,1.6
4837231,2025-11-23,Girona,Real Betis,away,1,1,46,11,9,492,85,2,1,10,16,57,1.26
4837237,2025-11-23,Getafe,Atletico Madrid,home,0,1,42,10,6,360,67,1,1,11,9,43,0.49
4837237,2025-11-23,Atletico Madrid,Getafe,away,1,0,58,13,11,498,79,2,2,5,17,57,1.2
4837232,2025-11-23,Elche,Real Madrid,home,2,2,49,15,11,511,85,2,1,8,10,53,1.34
4837232,2025-11-23,Real Madrid,Elche,away,2,2,51,20,10,536,86,6,4,9,8,47,3.41
4837233,2025-11-24,Espanyol,Sevilla,home,2,1,35,9,7,286,69,2,1,14,18,41,0.95
4837233,2025-11-24,Sevilla,Espanyol,away,1,2,65,22,14,541,82,1,1,4,7,59,1.34
4837249,2025-11-28,Getafe,Elche,home,1,0,35,15,10,308,67,1,0,6,18,49,1.15
4837249,2025-11-28,Elche,Getafe,away,0,1,65,9,6,570,84,0,0,8,11,51,0.52
4837243,2025-11-29,Mallorca,Osasuna,home,2,2,52,7,4,457,75,2,1,6,10,56,1.49
4837243,2025-11-29,Osasuna,Mallorca,away,2,2,48,14,8,418,71,2,1,2,15,44,1.24
4837246,2025-11-29,Barcelona,Deportivo Alaves,home,3,1,69,18,12,727,89,4,1,2,10,60,2.43
4837246,2025-11-29,Deportivo Alaves,Barcelona,away,1,3,31,9,4,331,74,2,1,9,17,40,1.25
4837247,2025-11-29,Levante,Athletic Club,home,0,2,56,11,6,460,75,1,1,4,11,54,0.84
4837247,2025-11-29,Athletic Club,Levante,away,2,0,44,14,6,364,70,4,2,6,19,46,2.39
4837240,2025-11-29,Atletico Madrid,Real Oviedo,home,2,0,53,14,9,585,87,4,2,4,5,42,1.52
4837240,2025-11-29,Real Oviedo,Atletico Madrid,away,0,2,47,12,4,526,87,1,1,7,8,58,0.81
4837245,2025-11-30,Real Sociedad,Villarreal,home,2,3,60,18,12,585,83,1,1,3,15,41,1.08
4837245,2025-11-30,Villarreal,Real Sociedad,away,3,2,40,10,6,389,76,2,1,10,18,59,1.63
4837248,2025-11-30,Sevilla,Real Betis,home,0,2,64,9,5,459,75,1,1,4,14,53,0.51
4837248,2025-11-30,Real Betis,Sevilla,away,2,0,36,9,6,259,63,2,0,5,22,47,0.97
4837241,2025-11-30,Celta Vigo,Espanyol,home,0,1,60,11,9,595,85,1,1,4,12,45,0.8
4837241,2025-11-30,Espanyol,Celta Vigo,away,1,0,40,9,5,399,78,1,1,9,15,55,0.47
4837242,2025-11-30,Girona,Real Madrid,home,1,1,41,10,6,450,84,2,2,13,9,47,0.93
4837242,2025-11-30,Real Madrid,Girona,away,1,1,59,25,13,653,87,2,1,5,13,53,2.2
4837244,2025-12-01,Rayo Vallecano,Valencia,home,1,1,55,19,10,502,81,3,3,6,11,52,1.71
4837244,2025-12-01,Valencia,Rayo Vallecano,away,1,1,45,10,6,407,76,1,1,9,9,48,0.62
4837258,2025-12-05,Real Oviedo,Mallorca,home,0,0,61,15,7,523,85,2,2,8,14,56,1.18
4837258,2025-12-05,Mallorca,Real Oviedo,away,0,0,39,13,8,334,75,0,0,6,12,44,0.65
4837256,2025-12-06,Villarreal,Getafe,home,2,0,62,10,8,545,80,1,0,3,19,55,0.74
4837256,2025-12-06,Getafe,Villarreal,away,0,2,38,6,3,335,67,0,0,6,15,45,0.28
4837250,2025-12-06,Deportivo Alaves,Real Sociedad,home,1,0,38,14,7,363,76,3,2,3,20,36,1.53
4837250,2025-12-06,Real Sociedad,Deportivo Alaves,away,0,1,62,10,3,588,83,2,2,6,16,64,0.88
4837254,2025-12-06,Real Betis,Barcelona,home,3,5,39,17,10,383,77,3,0,4,14,42,2.6
4837254,2025-12-06,Barcelona,Real Betis,away,5,3,61,16,10,603,88,6,3,7,9,58,2.85
4837251,2025-12-06,Athletic Club,Atletico Madrid,home,1,0,44,14,6,431,73,1,1,4,9,43,0.88
4837251,2025-12-06,Atletico Madrid,Athletic Club,away,0,1,56,7,4,546,78,2,2,5,12,57,0.79
4837252,2025-12-07,Elche,Girona,home,3,0,57,11,8,577,89,2,1,6,18,54,1.08
4837252,2025-12-07,Girona,Elche,away,0,3,43,8,6,438,84,1,1,5,13,46,0.72
4837259,2025-12-07,Valencia,Sevilla,home,1,1,49,12,7,453,76,2,1,1,12,45,1.29
4837259,2025-12-07,Sevilla,Valencia,away,1,1,51,4,1,475,77,1,1,5,18,55,0.45
4837253,2025-12-07,Espanyol,Rayo Vallecano,home,1,0,37,9,4,281,70,2,1,5,19,48,1.31
4837253,2025-12-07,Rayo Vallecano,Espanyol,away,0,1,63,6,5,478,81,0,0,3,22,52,0.27
4837255,2025-12-07,Real Madrid,Celta Vigo,home,0,2,57,23,11,628,88,4,4,4,6,53,1.98
4837255,2025-12-07,Celta Vigo,Real Madrid,away,2,0,43,7,6,465,86,2,1,11,12,47,1.56
4837257,2025-12-08,Osasuna,Levante,home,2,0,41,14,12,408,71,1,0,9,15,58,1.0
4837257,2025-12-08,Levante,Osasuna,away,0,2,59,11,9,582,81,0,0,10,7,42,0.41
4837268,2025-12-12,Real Sociedad,Girona,home,1,2,47,9,6,526,84,2,1,6,20,59,1.02
4837268,2025-12-12,Girona,Real Sociedad,away,2,1,53,14,8,589,87,1,0,5,5,41,1.04
4837261,2025-12-13,Atletico Madrid,Valencia,home,2,1,46,10,8,484,81,4,2,5,13,60,1.56
4837261,2025-12-13,Valencia,Atletico Madrid,away,1,2,54,13,6,564,83,2,2,6,11,40,1.02
4837266,2025-12-13,Mallorca,Elche,home,3,1,43,16,11,426,85,7,4,3,13,38,2.23
4837266,2025-12-13,Elche,Mallorca,away,1,3,57,9,3,558,89,0,0,7,13,62,0.32
4837262,2025-12-13,Barcelona,Osasuna,home,2,0,79,24,14,785,88,3,2,2,5,52,1.98
4837262,2025-12-13,Osasuna,Barcelona,away,0,2,21,3,2,204,60,0,0,12,8,48,0.26
4837267,2025-12-13,Getafe,Espanyol,home,0,1,56,11,5,442,70,0,0,3,18,51,0.37
4837267,2025-12-13,Espanyol,Getafe,away,1,0,44,6,4,350,63,1,1,5,17,49,0.59
4837269,2025-12-14,Sevilla,Real Oviedo,home,4,0,56,13,11,464,81,3,0,1,11,57,1.7
4837269,2025-12-14,Real Oviedo,Sevilla,away,0,4,44,4,1,371,76,1,1,7,12,43,0.5
4837264,2025-12-14,Celta Vigo,Athletic Club,home,2,0,50,5,3,539,82,5,3,8,11,49,1.8
4837264,2025-12-14,Athletic Club,Celta Vigo,away,0,2,50,14,8,541,84,2,2,1,13,51,1.43
4837263,2025-12-14,Levante,Villarreal,home,0,1,60,16,10,542,80,0,0,7,13,53,0.74
4837263,2025-12-14,Villarreal,Levante,away,1,0,40,15,8,368,79,5,4,9,20,47,2.28
4837260,2025-12-14,Deportivo Alaves,Real Madrid,home,1,2,53,6,4,542,83,3,2,6,12,44,1.31
4837260,2025-12-14,Real Madrid,Deportivo Alaves,away,2,1,47,13,8,488,84,2,1,3,13,56,1.45
4837265,2025-12-15,Rayo Vallecano,Real Betis,home,0,0,58,23,14,489,78,4,4,9,10,53,2.28
4837265,2025-12-15,Real Betis,Rayo Vallecano,away,0,0,42,13,9,355,72,1,1,12,7,47,0.81
4837279,2025-12-19,Valencia,Mallorca,home,1,1,71,17,12,639,85,4,3,2,10,55,1.87
4837279,2025-12-19,Mallorca,Valencia,away,1,1,29,4,3,263,71,0,0,11,12,45,0.27
4837278,2025-12-20,Real Oviedo,Celta Vigo,home,0,0,56,10,5,540,81,0,0,3,14,59,0.41
4837278,2025-12-20,Celta Vigo,Real Oviedo,away,0,0,44,6,3,428,81,1,1,5,7,41,0.59
4837273,2025-12-20,Levante,Real Sociedad,home,1,1,44,13,8,396,76,1,0,10,16,52,1.31
4837273,2025-12-20,Real Sociedad,Levante,away,1,1,56,18,11,502,83,4,3,7,13,48,1.86
4837275,2025-12-20,Osasuna,Deportivo Alaves,home,3,0,47,16,9,424,73,3,1,4,16,59,2.16
4837275,2025-12-20,Deportivo Alaves,Osasuna,away,0,3,53,7,4,473,77,2,2,6,11,41,0.89
4837274,2025-12-20,Real Madrid,Sevilla,home,2,0,53,18,11,523,89,6,4,9,13,70,2.79
4837274,2025-12-20,Sevilla,Real Madrid,away,0,2,47,14,9,466,87,3,3,9,19,30,1.19
4837276,2025-12-21,Girona,Atletico Madrid,home,0,3,51,9,7,556,89,2,2,6,7,49,0.88
4837276,2025-12-21,Atletico Madrid,Girona,away,3,0,49,14,9,536,87,2,1,7,14,51,0.89
4837277,2025-12-21,Villarreal,Barcelona,home,0,2,21,14,8,226,68,3,3,8,10,38,1.79
4837277,2025-12-21,Barcelona,Villarreal,away,2,0,79,19,10,832,90,3,2,8,8,62,2.33
4837272,2025-12-21,Elche,Rayo Vallecano,home,4,0,47,18,9,377,78,7,3,12,15,56,3.12
4837272,2025-12-21,Rayo Vallecano,Elche,away,0,4,53,18,12,432,80,3,3,5,11,44,1.25
4837271,2025-12-21,Real Betis,Getafe,home,4,0,48,19,10,413,80,7,4,8,13,53,3.49
4837271,2025-12-21,Getafe,Real Betis,away,0,4,52,15,8,446,76,1,1,6,12,47,1.39
4837270,2025-12-22,Athletic Club,Espanyol,home,1,2,65,17,13,580,81,2,1,5,10,40,1.57
4837270,2025-12-22,Espanyol,Athletic Club,away,2,1,35,10,7,314,68,1,0,11,9,60,0.79
4837287,2026-01-02,Rayo Vallecano,Getafe,home,1,1,59,13,8,503,77,0,0,5,13,47,0.63
4837287,2026-01-02,Getafe,Rayo Vallecano,away,1,1,41,12,6,352,65,1,0,7,10,53,0.55
4837281,2026-01-03,Celta Vigo,Valencia,home,4,1,41,12,7,425,86,5,2,7,10,48,2.31
4837281,2026-01-03,Valencia,Celta Vigo,away,1,4,59,16,8,617,88,2,2,3,9,52,1.93
4837283,2026-01-03,Osasuna,Athletic Club,home,1,1,48,11,7,442,79,1,1,9,12,51,0.65
4837283,2026-01-03,Athletic Club,Osasuna,away,1,1,52,16,10,479,77,2,1,6,19,49,1.31
4837282,2026-01-03,Elche,Villarreal,home,1,3,78,16,8,833,89,2,2,3,8,54,1.43
4837282,2026-01-03,Villarreal,Elche,away,3,1,22,12,6,241,75,6,3,7,11,46,2.01
4837285,2026-01-03,Espanyol,Barcelona,home,0,2,32,14,13,279,71,2,2,8,10,49,1.16
4837285,2026-01-03,Barcelona,Espanyol,away,2,0,68,15,10,595,88,5,4,13,14,51,2.26
4837289,2026-01-04,Sevilla,Levante,home,0,3,64,15,12,565,84,3,3,2,16,50,1.78
4837289,2026-01-04,Levante,Sevilla,away,3,0,36,6,5,316,72,4,1,12,10,50,1.47
4837286,2026-01-04,Real Madrid,Real Betis,home,5,1,61,19,14,678,91,6,2,6,10,62,2.58
4837286,2026-01-04,Real Betis,Real Madrid,away,1,5,39,13,7,432,84,1,0,10,12,38,0.64
4837280,2026-01-04,Deportivo Alaves,Real Oviedo,home,1,1,57,19,10,492,79,4,4,10,11,43,1.86
4837280,2026-01-04,Real Oviedo,Deportivo Alaves,away,1,1,43,18,11,377,72,6,5,9,20,57,2.54
4837288,2026-01-04,Mallorca,Girona,home,1,2,49,9,5,486,79,2,1,6,10,47,1.41
4837288,2026-01-04,Girona,Mallorca,away,2,1,51,9,7,508,81,2,1,4,14,53,1.39
4837284,2026-01-04,Real Sociedad,Atletico Madrid,home,1,1,46,18,13,459,79,2,1,3,11,51,1.63
4837284,2026-01-04,Atletico Madrid,Real Sociedad,away,1,1,54,10,4,549,84,3,2,11,13,49,1.08
4837294,2025-12-02,Barcelona,Atletico Madrid,home,3,1,58,19,10,595,85,6,3,2,12,61,2.8
4837294,2025-12-02,Atletico Madrid,Barcelona,away,1,3,42,7,3,438,76,3,2,7,9,39,1.25
4837290,2025-12-03,Athletic Club,Real Madrid,home,0,3,39,9,5,422,77,2,2,6,15,37,0.96
4837290,2025-12-03,Real Madrid,Athletic Club,away,3,0,61,13,9,671,87,6,4,5,4,63,2.37
4837291,2026-01-11,Getafe,Real Sociedad,home,1,2,43,6,4,369,69,0,0,5,17,47,0.22
4837291,2026-01-11,Real Sociedad,Getafe,away,2,1,57,12,7,495,78,3,2,3,17,53,1.43
4837292,2026-01-11,Girona,Osasuna,home,1,0,46,8,5,465,82,1,0,1,14,66,0.74
4837292,2026-01-11,Osasuna,Girona,away,0,1,54,12,1,544,84,1,1,3,13,34,0.97
4837293,2026-01-11,Villarreal,Deportivo Alaves,home,3,1,45,11,6,484,79,2,1,8,10,51,1.14
4837293,2026-01-11,Deportivo Alaves,Villarreal,away,1,3,55,16,9,598,81,1,1,3,14,49,0.95
4837295,2026-01-11,Real Oviedo,Real Betis,home,1,1,42,13,8,441,77,1,1,7,15,56,0.79
4837295,2026-01-11,Real Betis,Real Oviedo,away,1,1,58,15,8,600,84,6,5,7,8,44,2.46
4837296,2026-01-11,Sevilla,Celta Vigo,home,0,1,59,7,5,502,83,0,0,6,16,58,0.26
4837296,2026-01-11,Celta Vigo,Sevilla,away,1,0,41,9,7,353,79,2,1,5,16,42,1.7
4837297,2026-01-11,Valencia,Elche,home,1,1,39,16,7,352,74,2,1,2,14,50,1.79
4837297,2026-01-11,Elche,Valencia,away,1,1,61,5,3,545,84,0,0,5,14,50,0.15
4837298,2026-01-11,Levante,Espanyol,home,1,1,50,8,5,462,81,2,1,8,10,41,1.07
4837298,2026-01-11,Espanyol,Levante,away,1,1,50,19,9,467,82,2,2,4,9,59,1.41
4837299,2026-01-11,Rayo Vallecano,Mallorca,home,2,1,53,14,7,417,75,2,0,3,14,57,1.72
4837299,2026-01-11,Mallorca,Rayo Vallecano,away,1,2,47,9,4,369,71,2,1,5,14,43,0.89
4837300,2026-01-18,Real Betis,Villarreal,home,2,0,59,15,9,568,84,2,1,4,14,52,1.1
4837300,2026-01-18,Villarreal,Real Betis,away,0,2,41,9,4,394,77,2,2,7,13,48,0.91
4837301,2026-01-18,Celta Vigo,Rayo Vallecano,home,3,0,49,11,10,475,85,3,0,10,7,40,1.72
4837301,2026-01-18,Rayo Vallecano,Celta Vigo,away,0,3,51,14,10,504,83,1,1,7,14,60,0.97
4837302,2026-01-18,Elche,Sevilla,home,2,2,50,10,8,372,72,2,2,11,11,48,1.19
4837302,2026-01-18,Sevilla,Elche,away,2,2,50,25,14,378,75,4,2,6,12,52,3.07
4837303,2026-01-18,Espanyol,Girona,home,0,2,49,14,5,444,78,3,3,3,17,50,1.2
4837303,2026-01-18,Girona,Espanyol,away,2,0,51,7,5,455,81,2,0,5,17,50,1.77
4837304,2026-01-18,Getafe,Valencia,home,0,1,55,14,8,425,70,0,0,3,8,49,0.47
4837304,2026-01-18,Valencia,Getafe,away,1,0,45,7,4,348,68,1,0,8,18,51,0.59
4837305,2026-01-18,Osasuna,Real Oviedo,home,3,2,51,16,10,383,77,3,0,5,14,51,1.67
4837305,2026-01-18,Real Oviedo,Osasuna,away,2,3,49,13,7,375,77,2,2,7,15,49,1.29
4837306,2026-01-18,Atletico Madrid,Deportivo Alaves,home,1,0,54,23,14,601,86,3,2,3,13,59,1.78
4837306,2026-01-18,Deportivo Alaves,Atletico Madrid,away,0,1,46,8,2,511,80,2,2,13,5,41,1.01
4837307,2026-01-18,Mallorca,Athletic Club,home,3,2,51,17,9,499,78,6,3,14,10,61,3.59
4837307,2026-01-18,Athletic Club,Mallorca,away,2,3,49,21,16,484,76,4,3,6,10,39,1.94
4837308,2026-01-18,Real Sociedad,Barcelona,home,2,1,28,7,6,257,64,3,1,13,13,36,1.16
4837308,2026-01-18,Barcelona,Real Sociedad,away,1,2,72,25,14,647,87,8,7,4,8,64,3.45
4837309,2026-01-18,Real Madrid,Levante,home,2,0,70,26,16,755,91,3,2,1,12,45,2.14
4837309,2026-01-18,Levante,Real Madrid,away,0,2,30,10,2,324,77,0,0,14,14,55,0.62
4837310,2026-01-25,Deportivo Alaves,Real Betis,home,2,1,45,17,15,412,71,3,1,10,17,53,1.64
4837310,2026-01-25,Real Betis,Deportivo Alaves,away,1,2,55,18,12,499,82,3,2,11,11,47,1.44
4837311,2026-01-25,Atletico Madrid,Mallorca,home,3,0,61,17,11,622,83,1,0,2,10,57,0.98
4837311,2026-01-25,Mallorca,Atletico Madrid,away,0,3,39,7,3,397,78,0,0,10,7,43,0.25
4837312,2026-01-25,Barcelona,Real Oviedo,home,3,0,72,15,11,727,89,3,2,8,8,49,1.56
4837312,2026-01-25,Real Oviedo,Barcelona,away,0,3,28,12,8,280,74,0,0,8,21,51,0.33
4837313,2026-01-25,Sevilla,Athletic Club,home,2,1,50,10,8,414,73,2,1,8,16,49,1.55
4837313,2026-01-25,Athletic Club,Sevilla,away,1,2,50,15,8,421,68,3,2,6,12,51,2.38
4837314,2026-01-25,Real Sociedad,Celta Vigo,home,3,1,36,10,9,381,82,3,2,10,7,43,1.7
4837314,2026-01-25,Celta Vigo,Real Sociedad,away,1,3,64,17,11,667,87,2,1,6,13,57,1.32
4837315,2026-01-25,Levante,Elche,home,3,2,42,26,19,376,76,6,4,2,13,56,2.86
4837315,2026-01-25,Elche,Levante,away,2,3,58,6,4,519,82,1,0,14,13,44,0.63
4837316,2026-01-25,Valencia,Espanyol,home,3,2,47,11,9,407,72,2,0,9,13,55,1.7
4837316,2026-01-25,Espanyol,Valencia,away,2,3,53,16,11,463,75,2,1,5,10,45,1.39
4837317,2026-01-25,Girona,Getafe,home,1,1,69,12,6,657,86,1,0,6,13,40,0.77
4837317,2026-01-25,Getafe,Girona,away,1,1,31,8,7,298,71,2,1,5,15,60,0.86
4837318,2026-01-25,Rayo Vallecano,Osasuna,home,1,3,65,12,8,507,78,1,0,6,12,54,0.74
4837318,2026-01-25,Osasuna,Rayo Vallecano,away,3,1,35,14,8,271,63,2,0,6,15,46,1.33
4837319,2026-01-25,Villarreal,Real Madrid,home,0,2,42,8,4,423,80,2,2,8,19,46,0.76
4837319,2026-01-25,Real Madrid,Villarreal,away,2,0,58,14,10,580,86,1,0,4,10,54,1.47
4837320,2026-02-01,Athletic Club,Real Sociedad,home,1,1,55,19,13,477,76,1,0,5,14,43,1.02
4837320,2026-02-01,Real Sociedad,Athletic Club,away,1,1,45,8,6,398,75,4,4,11,14,57,1.17
4837321,2026-02-01,Real Betis,Valencia,home,2,1,53,14,7,498,83,3,1,7,15,51,1.95
4837321,2026-02-01,Valencia,Real Betis,away,1,2,47,15,8,440,80,2,2,5,13,49,1.89
4837322,2026-02-01,Mallorca,Sevilla,home,4,1,34,11,9,308,69,3,0,11,16,51,2.24
4837322,2026-02-01,Sevilla,Mallorca,away,1,4,66,15,13,604,82,2,2,4,8,49,1.1
4837323,2026-02-01,Osasuna,Villarreal,home,2,2,47,15,8,429,76,4,2,2,15,58,1.73
4837323,2026-02-01,Villarreal,Osasuna,away,2,2,53,5,4,484,77,1,0,6,7,42,0.87
4837324,2026-02-01,Espanyol,Deportivo Alaves,home,1,2,51,10,5,464,74,2,1,5,15,49,0.97
4837324,2026-02-01,Deportivo Alaves,Espanyol,away,2,1,49,11,7,442,77,2,1,4,15,51,1.15
4837325,2026-02-01,Levante,Atletico Madrid,home,0,0,45,10,6,452,79,0,0,6,11,43,0.38
4837325,2026-02-01,Atletico Madrid,Levante,away,0,0,55,10,6,553,84,0,0,6,12,57,0.47
4837326,2026-02-01,Elche,Barcelona,home,1,3,39,9,4,379,81,1,1,11,15,40,0.82
4837326,2026-02-01,Barcelona,Elche,away,3,1,61,30,15,581,86,13,10,3,9,60,6.16
4837327,2026-02-01,Getafe,Celta Vigo,home,0,0,39,9,3,364,77,0,0,3,16,55,0.36
4837327,2026-02-01,Celta Vigo,Getafe,away,0,0,61,5,3,579,84,0,0,3,14,45,0.21
4837328,2026-02-01,Real Oviedo,Girona,home,1,0,34,8,6,318,73,1,0,3,12,41,1.12
4837328,2026-02-01,Girona,Real Oviedo,away,0,1,66,9,3,614,89,1,1,5,16,59,0.56
4837329,2026-02-01,Real Madrid,Rayo Vallecano,home,2,1,56,16,10,610,89,3,2,5,6,52,2.0
4837329,2026-02-01,Rayo Vallecano,Real Madrid,away,1,2,44,11,7,471,86,2,1,8,18,48,1.19
4837330,2026-02-08,Deportivo Alaves,Getafe,home,0,2,59,13,5,454,77,5,5,7,20,55,1.96
4837330,2026-02-08,Getafe,Deportivo Alaves,away,2,0,41,17,11,310,65,2,1,5,20,45,1.78
4837331,2026-02-08,Athletic Club,Levante,home,4,2,55,22,13,541,86,5,2,2,17,48,2.07
4837331,2026-02-08,Levante,Athletic Club,away,2,4,45,6,4,435,77,1,1,9,10,52,0.71
4837332,2026-02-08,Atletico Madrid,Real Betis,home,0,1,65,10,6,724,87,1,1,4,12,54,0.45
4837332,2026-02-08,Real Betis,Atletico Madrid,away,1,0,35,8,5,396,82,2,2,6,3,46,1.13
4837333,2026-02-08,Barcelona,Mallorca,home,3,0,76,24,18,813,90,3,1,6,7,53,1.96
4837333,2026-02-08,Mallorca,Barcelona,away,0,3,24,9,6,262,72,1,1,15,9,47,0.79
4837334,2026-02-08,Celta Vigo,Osasuna,home,1,2,57,18,9,591,89,2,1,5,9,54,1.87
4837334,2026-02-08,Osasuna,Celta Vigo,away,2,1,43,8,7,445,86,1,0,7,14,46,0.77
4837335,2026-02-08,Real Sociedad,Elche,home,3,1,34,11,4,328,75,3,1,5,14,55,1.51
4837335,2026-02-08,Elche,Real Sociedad,away,1,3,66,11,6,625,85,2,2,1,8,45,0.89
4837336,2026-02-08,Villarreal,Espanyol,home,4,1,49,10,6,458,86,3,0,3,18,60,1.4
4837336,2026-02-08,Espanyol,Villarreal,away,1,4,51,10,5,481,81,1,1,3,11,40,0.54
4837337,2026-02-08,Sevilla,Girona,home,1,1,52,11,4,480,82,1,1,9,16,56,0.89
4837337,2026-02-08,Girona,Sevilla,away,1,1,48,15,10,451,83,4,4,3,13,44,2.24
4837338,2026-02-08,Valencia,Real Madrid,home,0,2,41,7,2,403,77,0,0,5,10,43,0.35
4837338,2026-02-08,Real Madrid,Valencia,away,2,0,59,11,7,591,86,2,1,2,13,57,0.98
4837339,2026-02-08,Rayo Vallecano,Real Oviedo,home,3,0,52,19,13,424,79,4,1,6,10,65,2.37
4837339,2026-02-08,Real Oviedo,Rayo Vallecano,away,0,3,48,8,6,391,78,2,2,10,10,35,0.96
4837340,2026-02-15,Elche,Osasuna,home,0,0,63,17,9,496,80,4,4,5,13,51,1.61
4837340,2026-02-15,Osasuna,Elche,away,0,0,37,6,5,288,67,1,1,8,18,49,0.75
4837341,2026-02-15,Getafe,Villarreal,home,2,1,43,5,3,311,68,2,0,3,21,66,1.26
4837341,2026-02-15,Villarreal,Getafe,away,1,2,57,8,4,409,74,2,1,1,17,34,1.03
4837342,2026-02-15,Levante,Valencia,home,0,2,48,9,2,430,78,2,2,1,11,51,0.81
4837342,2026-02-15,Valencia,Levante,away,2,0,52,5,3,472,83,1,0,2,10,49,0.64
4837343,2026-02-15,Real Madrid,Real Sociedad,home,4,1,52,11,8,608,91,5,2,7,10,44,2.88
4837343,2026-02-15,Real Sociedad,Real Madrid,away,1,4,48,13,8,572,90,3,2,4,9,56,1.73
4837344,2026-02-15,Sevilla,Deportivo Alaves,home,1,1,26,4,3,221,61,0,0,4,16,45,0.23
4837344,2026-02-15,Deportivo Alaves,Sevilla,away,1,1,74,12,5,632,84,3,2,2,13,55,1.24
4837345,2026-02-15,Real Oviedo,Athletic Club,home,1,2,54,7,1,485,75,2,1,5,8,54,0.83
4837345,2026-02-15,Athletic Club,Real Oviedo,away,2,1,46,13,8,411,73,1,0,0,20,46,1.22
4837346,2026-02-15,Rayo Vallecano,Atletico Madrid,home,3,0,41,13,12,385,80,5,2,7,10,43,2.79
4837346,2026-02-15,Atletico Madrid,Rayo Vallecano,away,0,3,59,9,7,558,81,1,1,9,13,57,0.57
4837347,2026-02-15,Girona,Barcelona,home,2,1,30,13,10,334,75,5,4,15,10,56,2.4
4837347,2026-02-15,Barcelona,Girona,away,1,2,70,27,15,795,88,3,3,8,6,44,2.5
4837348,2026-02-15,Mallorca,Real Betis,home,1,2,65,14,6,682,84,2,2,9,16,61,0.84
4837348,2026-02-15,Real Betis,Mallorca,away,2,1,35,17,12,366,80,4,3,5,10,39,1.72
4837349,2026-02-15,Espanyol,Celta Vigo,home,2,2,43,9,6,434,79,2,1,5,9,51,0.86
4837349,2026-02-15,Celta Vigo,Espanyol,away,2,2,57,14,8,577,87,4,2,4,11,49,2.3
4837350,2026-02-22,Deportivo Alaves,Girona,home,2,2,44,17,9,459,79,3,1,7,18,45,2.09
4837350,2026-02-22,Girona,Deportivo Alaves,away,2,2,56,10,9,576,84,2,0,7,6,55,1.65
4837351,2026-02-22,Athletic Club,Elche,home,2,1,45,18,14,398,71,6,4,1,18,40,3.24
4837351,2026-02-22,Elche,Athletic Club,away,1,2,55,2,2,479,76,1,0,12,9,60,0.83
4837352,2026-02-22,Atletico Madrid,Espanyol,home,4,2,61,18,12,708,85,5,2,3,8,56,2.76
4837352,2026-02-22,Espanyol,Atletico Madrid,away,2,4,39,8,5,452,76,1,0,8,10,44,0.82
4837353,2026-02-22,Barcelona,Levante,home,3,0,73,22,14,818,92,7,5,4,12,45,3.1
4837353,2026-02-22,Levante,Barcelona,away,0,3,27,5,3,310,77,2,2,11,10,55,0.7
4837354,2026-02-22,Real Betis,Rayo Vallecano,home,1,1,47,14,8,444,84,3,2,6,14,46,1.66
4837354,2026-02-22,Rayo Vallecano,Real Betis,away,1,1,53,12,8,501,84,2,1,8,13,54,0.94
4837355,2026-02-22,Celta Vigo,Mallorca,home,2,0,57,20,13,557,84,6,4,0,11,47,2.63
4837355,2026-02-22,Mallorca,Celta Vigo,away,0,2,43,1,0,427,79,0,0,11,10,53,0.02
4837356,2026-02-22,Getafe,Sevilla,home,0,1,32,6,5,267,57,0,0,0,5,43,0.27
4837356,2026-02-22,Sevilla,Getafe,away,1,0,68,6,2,565,82,0,0,5,18,57,0.21
4837357,2026-02-22,Osasuna,Real Madrid,home,2,1,39,13,7,385,82,3,1,9,19,49,1.9
4837357,2026-02-22,Real Madrid,Osasuna,away,1,2,61,15,10,606,88,3,2,6,10,51,1.67
4837358,2026-02-22,Villarreal,Valencia,home,2,1,43,12,6,402,78,3,1,5,7,43,2.28
4837358,2026-02-22,Valencia,Villarreal,away,1,2,57,8,6,527,83,3,2,4,16,57,1.49
4837359,2026-02-22,Real Sociedad,Real Oviedo,home,3,3,62,15,12,554,82,6,3,7,13,50,2.39
4837359,2026-02-22,Real Oviedo,Real Sociedad,away,3,3,38,14,10,334,73,3,1,9,16,50,1.5
4837360,2026-03-01,Barcelona,Villarreal,home,4,1,73,19,11,805,91,6,3,2,11,56,3.06
4837360,2026-03-01,Villarreal,Barcelona,away,1,4,27,6,3,302,75,3,2,7,9,44,1.36
4837361,2026-03-01,Real Betis,Sevilla,home,2,2,44,9,6,449,84,3,2,9,12,44,1.61
4837361,2026-03-01,Sevilla,Real Betis,away,2,2,56,14,11,561,86,1,1,4,15,56,0.69
4837362,2026-03-01,Elche,Espanyol,home,2,2,70,17,14,643,86,3,2,4,14,59,1.91
4837362,2026-03-01,Espanyol,Elche,away,2,2,30,9,6,272,68,1,1,12,23,41,0.72
4837363,2026-03-01,Mallorca,Real Sociedad,home,0,1,44,6,3,460,82,1,1,4,6,42,0.66
4837363,2026-03-01,Real Sociedad,Mallorca,away,1,0,56,12,5,581,82,1,0,3,22,58,0.87
4837364,2026-03-01,Levante,Deportivo Alaves,home,2,0,49,22,14,411,78,5,4,12,14,46,2.75
4837364,2026-03-01,Deportivo Alaves,Levante,away,0,2,51,17,12,428,78,3,3,9,16,54,1.57
4837365,2026-03-01,Rayo Vallecano,Athletic Club,home,1,1,49,15,9,348,67,3,2,5,8,49,1.03
4837365,2026-03-01,Athletic Club,Rayo Vallecano,away,1,1,51,8,6,362,62,0,0,8,17,51,0.33
4837366,2026-03-01,Real Oviedo,Atletico Madrid,home,0,1,38,16,8,398,77,3,3,6,12,53,1.16
4837366,2026-03-01,Atletico Madrid,Real Oviedo,away,1,0,62,12,7,638,85,1,0,8,6,47,0.92
4837367,2026-03-01,Girona,Celta Vigo,home,1,2,57,16,11,669,87,2,1,5,9,62,1.25
4837367,2026-03-01,Celta Vigo,Girona,away,2,1,43,6,6,506,85,2,2,9,8,38,0.76
4837368,2026-03-01,Real Madrid,Getafe,home,0,1,76,18,11,734,87,4,4,6,11,61,1.83
4837368,2026-03-01,Getafe,Real Madrid,away,1,0,24,9,7,228,64,0,0,11,17,39,0.41
4837369,2026-03-01,Valencia,Osasuna,home,1,0,48,14,6,407,76,1,0,3,14,47,1.37
4837369,2026-03-01,Osasuna,Valencia,away,0,1,52,8,3,448,78,0,0,5,13,53,0.29
4837370,2026-03-08,Athletic Club,Barcelona,home,0,1,30,10,4,302,74,3,3,4,11,55,1.1
4837370,2026-03-08,Barcelona,Athletic Club,away,1,0,70,7,4,691,88,1,0,4,9,45,0.52
4837371,2026-03-08,Atletico Madrid,Real Sociedad,home,3,2,52,24,12,540,80,6,4,3,6,48,2.93
4837371,2026-03-08,Real Sociedad,Atletico Madrid,away,2,3,48,7,5,492,79,0,0,9,10,52,0.37
4837372,2026-03-08,Celta Vigo,Real Madrid,home,1,2,37,8,4,495,87,1,0,8,4,44,0.81
4837372,2026-03-08,Real Madrid,Celta Vigo,away,2,1,63,14,10,846,90,0,0,3,12,56,0.8
4837373,2026-03-08,Espanyol,Real Oviedo,home,1,1,57,28,18,542,83,2,1,3,19,50,1.76
4837373,2026-03-08,Real Oviedo,Espanyol,away,1,1,43,6,4,404,78,1,0,16,13,50,0.63
4837374,2026-03-08,Valencia,Deportivo Alaves,home,3,2,61,19,14,613,86,4,2,6,9,41,2.62
4837374,2026-03-08,Deportivo Alaves,Valencia,away,2,3,39,10,7,393,78,2,0,11,17,59,1.48
4837375,2026-03-08,Getafe,Real Betis,home,2,0,30,9,6,254,59,2,0,6,19,48,0.74
4837375,2026-03-08,Real Betis,Getafe,away,0,2,70,14,6,592,84,1,1,4,8,52,0.82
4837376,2026-03-08,Villarreal,Elche,home,2,1,37,16,10,386,78,4,3,7,11,39,1.77
4837376,2026-03-08,Elche,Villarreal,away,1,2,63,13,7,656,85,3,2,8,16,61,1.31
4837377,2026-03-08,Levante,Girona,home,1,1,33,14,8,333,76,1,0,11,15,59,0.72
4837377,2026-03-08,Girona,Levante,away,1,1,67,22,12,669,88,3,3,7,9,41,1.51
4837378,2026-03-08,Osasuna,Mallorca,home,2,2,51,22,13,466,81,4,3,4,11,56,1.74
4837378,2026-03-08,Mallorca,Osasuna,away,2,2,49,8,6,447,82,2,1,12,12,44,1.03
4837379,2026-03-08,Sevilla,Rayo Vallecano,home,1,1,42,11,7,317,72,1,0,6,13,67,0.73
4837379,2026-03-08,Rayo Vallecano,Sevilla,away,1,1,58,9,7,440,80,0,0,6,15,33,0.37
4837380,2026-03-15,Deportivo Alaves,Villarreal,home,1,1,48,8,6,389,74,0,0,4,19,52,0.25
4837380,2026-03-15,Villarreal,Deportivo Alaves,away,1,1,52,11,6,423,81,2,2,6,11,48,0.94
4837381,2026-03-15,Atletico Madrid,Getafe,home,1,0,64,16,7,591,82,4,4,4,11,53,1.93
4837381,2026-03-15,Getafe,Atletico Madrid,away,0,1,36,7,4,331,65,3,3,6,11,47,0.92
4837382,2026-03-15,Barcelona,Sevilla,home,5,2,61,13,8,643,89,7,3,4,5,58,3.42
4837382,2026-03-15,Sevilla,Barcelona,away,2,5,39,8,6,413,79,2,0,3,14,42,0.95
4837383,2026-03-15,Real Betis,Celta Vigo,home,1,1,52,19,14,554,86,3,2,4,11,35,1.59
4837383,2026-03-15,Celta Vigo,Real Betis,away,1,1,48,7,4,515,85,2,2,13,16,65,0.83
4837384,2026-03-15,Real Oviedo,Valencia,home,1,0,41,11,7,394,82,3,2,8,12,56,1.26
4837384,2026-03-15,Valencia,Real Oviedo,away,0,1,59,13,8,562,82,0,0,6,11,44,0.42
4837385,2026-03-15,Girona,Athletic Club,home,3,0,47,14,10,523,85,3,1,13,8,45,1.68
4837385,2026-03-15,Athletic Club,Girona,away,0,3,53,20,13,593,84,2,2,7,16,55,1.49
4837386,2026-03-15,Real Madrid,Elche,home,4,1,48,15,10,513,86,3,1,4,11,50,1.51
4837386,2026-03-15,Elche,Real Madrid,away,1,4,52,11,4,567,86,2,2,5,21,50,1.09
4837387,2026-03-15,Mallorca,Espanyol,home,2,1,67,26,17,578,88,4,3,4,11,59,2.54
4837387,2026-03-15,Espanyol,Mallorca,away,1,2,33,10,4,286,70,2,1,15,14,41,0.93
4837388,2026-03-15,Rayo Vallecano,Levante,home,1,1,57,18,8,475,76,3,2,11,10,34,1.85
4837388,2026-03-15,Levante,Rayo Vallecano,away,1,1,43,19,12,354,74,1,1,7,13,66,1.22
4837389,2026-03-15,Real Sociedad,Osasuna,home,3,1,49,14,6,491,82,3,2,6,16,39,2.22
4837389,2026-03-15,Osasuna,Real Sociedad,away,1,3,51,13,7,503,81,1,1,3,11,61,0.48
4837390,2026-03-22,Athletic Club,Real Betis,home,2,1,39,11,8,403,77,2,1,4,10,39,1.33
4837390,2026-03-22,Real Betis,Athletic Club,away,1,2,61,11,5,620,84,0,0,6,6,61,0.59
4837391,2026-03-22,Barcelona,Rayo Vallecano,home,1,0,60,15,9,516,85,3,2,5,12,59,1.59
4837391,2026-03-22,Rayo Vallecano,Barcelona,away,0,1,40,8,5,340,73,4,4,8,11,41,1.6
4837392,2026-03-22,Elche,Mallorca,home,2,1,47,13,7,390,77,2,1,6,12,52,1.11
4837392,2026-03-22,Mallorca,Elche,away,1,2,53,11,7,437,78,2,2,5,11,48,1.45
4837393,2026-03-22,Espanyol,Getafe,home,1,2,65,15,8,493,77,4,3,4,14,56,1.83
4837393,2026-03-22,Getafe,Espanyol,away,2,1,35,10,6,268,59,3,2,7,20,44,1.35
4837394,2026-03-22,Levante,Real Oviedo,home,4,2,38,20,14,316,70,5,3,2,17,42,2.53
4837394,2026-03-22,Real Oviedo,Levante,away,2,4,62,10,4,508,81,2,0,10,18,58,1.39
4837395,2026-03-22,Sevilla,Valencia,home,0,2,58,13,7,537,81,0,0,5,13,60,0.39
4837395,2026-03-22,Valencia,Sevilla,away,2,0,42,9,8,381,74,3,1,7,6,40,1.14
4837396,2026-03-22,Celta Vigo,Deportivo Alaves,home,3,4,55,12,9,537,86,3,1,3,13,58,1.5
4837396,2026-03-22,Deportivo Alaves,Celta Vigo,away,4,3,45,14,7,442,80,3,0,6,16,42,1.61
4837397,2026-03-22,Real Madrid,Atletico Madrid,home,3,2,53,17,11,596,89,5,3,6,2,38,3.06
4837397,2026-03-22,Atletico Madrid,Real Madrid,away,2,3,47,13,8,534,88,2,1,8,15,62,1.28
4837398,2026-03-22,Osasuna,Girona,home,1,0,48,19,14,487,85,3,3,3,18,54,1.99
4837398,2026-03-22,Girona,Osasuna,away,0,1,52,5,3,530,85,0,0,13,7,46,0.21
4837399,2026-03-22,Villarreal,Real Sociedad,home,3,1,35,21,13,404,78,8,6,6,10,50,3.51
4837399,2026-03-22,Real Sociedad,Villarreal,away,1,3,65,11,7,735,87,2,2,10,11,50,1.0
4837400,2026-04-05,Deportivo Alaves,Osasuna,home,2,2,49,18,9,427,77,1,0,5,7,46,1.59
4837400,2026-04-05,Osasuna,Deportivo Alaves,away,2,2,51,8,8,449,81,3,1,8,17,54,1.55
4837401,2026-04-05,Atletico Madrid,Barcelona,home,1,2,33,6,2,333,80,2,1,13,15,49,0.91
4837401,2026-04-05,Barcelona,Atletico Madrid,away,2,1,67,22,15,665,91,5,3,1,11,51,2.26
4837402,2026-04-05,Real Betis,Espanyol,home,0,0,70,19,9,699,87,3,3,3,12,43,1.67
4837402,2026-04-05,Espanyol,Real Betis,away,0,0,30,8,2,305,71,0,0,9,18,57,0.32
4837403,2026-04-05,Girona,Villarreal,home,1,0,54,10,7,553,85,1,1,6,8,51,0.48
4837403,2026-04-05,Villarreal,Girona,away,0,1,46,10,7,478,82,0,0,7,9,49,0.55
4837404,2026-04-05,Mallorca,Real Madrid,home,2,1,36,6,3,349,77,2,1,8,16,31,0.99
4837404,2026-04-05,Real Madrid,Mallorca,away,1,2,64,15,9,617,87,2,2,1,13,69,1.16
4837405,2026-04-05,Real Oviedo,Sevilla,home,1,0,68,7,5,539,82,1,0,2,11,45,0.6
4837405,2026-04-05,Sevilla,Real Oviedo,away,0,1,32,9,2,256,61,1,1,4,12,55,0.65
4837406,2026-04-05,Getafe,Athletic Club,home,2,0,33,10,7,284,60,3,1,2,11,47,1.28
4837406,2026-04-05,Athletic Club,Getafe,away,0,2,67,5,2,583,80,1,1,4,11,53,0.48
4837407,2026-04-05,Valencia,Celta Vigo,home,2,3,42,13,6,388,79,0,0,3,14,51,0.7
4837407,2026-04-05,Celta Vigo,Valencia,away,3,2,58,9,6,530,86,2,0,4,21,49,1.15
4837408,2026-04-05,Rayo Vallecano,Elche,home,1,0,58,21,11,458,82,2,1,7,17,49,1.17
4837408,2026-04-05,Elche,Rayo Vallecano,away,0,1,42,9,7,326,72,1,1,12,9,51,0.62
4837409,2026-04-05,Real Sociedad,Levante,home,2,0,59,18,9,507,83,5,3,5,11,68,3.06
4837409,2026-04-05,Levante,Real Sociedad,away,0,2,41,8,5,358,75,0,0,7,15,32,0.25
4837410,2026-04-12,Athletic Club,Villarreal,home,1,2,61,18,14,630,81,1,0,8,15,51,1.16
4837410,2026-04-12,Villarreal,Athletic Club,away,2,1,39,12,9,401,77,3,1,13,8,49,1.55
4837411,2026-04-12,Barcelona,Espanyol,home,4,1,76,20,14,754,92,4,1,5,10,71,2.62
4837411,2026-04-12,Espanyol,Barcelona,away,1,4,24,10,5,241,73,1,1,10,18,29,0.87
4837412,2026-04-12,Celta Vigo,Real Oviedo,home,0,3,67,9,8,736,85,3,3,4,9,47,1.29
4837412,2026-04-12,Real Oviedo,Celta Vigo,away,3,0,33,8,6,358,77,3,1,8,13,53,1.73
4837413,2026-04-12,Elche,Valencia,home,1,0,57,7,2,470,83,2,1,15,15,47,0.68
4837413,2026-04-12,Valencia,Elche,away,0,1,43,22,15,355,81,6,6,2,18,53,2.77
4837414,2026-04-12,Mallorca,Rayo Vallecano,home,3,0,45,12,4,392,76,6,3,8,13,56,2.04
4837414,2026-04-12,Rayo Vallecano,Mallorca,away,0,3,55,17,8,485,82,4,4,1,11,44,1.92
4837415,2026-04-12,Real Sociedad,Deportivo Alaves,home,3,3,54,13,9,545,81,1,0,3,11,55,1.26
4837415,2026-04-12,Deportivo Alaves,Real Sociedad,away,3,3,46,13,6,470,78,1,0,6,18,45,1.0
4837416,2026-04-12,Sevilla,Atletico Madrid,home,2,1,32,11,7,291,69,3,1,5,7,63,1.87
4837416,2026-04-12,Atletico Madrid,Sevilla,away,1,2,68,13,6,607,85,1,0,5,12,37,0.74
4837417,2026-04-12,Osasuna,Real Betis,home,1,1,51,12,10,506,81,1,0,5,14,48,1.33
4837417,2026-04-12,Real Betis,Osasuna,away,1,1,49,8,7,492,80,0,0,9,12,52,0.4
4837418,2026-04-12,Levante,Getafe,home,1,0,63,22,12,448,74,5,4,3,12,55,3.23
4837418,2026-04-12,Getafe,Levante,away,0,1,37,5,3,266,62,0,0,10,24,45,0.24
4837419,2026-04-12,Real Madrid,Girona,home,1,1,61,22,15,646,90,2,2,4,9,57,1.86
4837419,2026-04-12,Girona,Real Madrid,away,1,1,39,10,5,412,87,0,0,13,13,43,0.51
4837420,2026-04-19,Deportivo Alaves,Mallorca,home,2,1,51,15,11,459,81,1,0,3,15,51,1.13
4837420,2026-04-19,Mallorca,Deportivo Alaves,away,1,2,49,4,4,444,81,0,0,9,14,49,0.21
4837421,2026-04-19,Real Betis,Real Madrid,home,1,1,52,19,9,608,88,0,0,9,10,37,0.81
4837421,2026-04-19,Real Madrid,Real Betis,away,1,1,48,12,10,569,85,2,1,8,8,63,1.21
4837422,2026-04-19,Espanyol,Levante,home,0,0,50,9,4,414,77,2,2,7,12,50,1.03
4837422,2026-04-19,Levante,Espanyol,away,0,0,50,8,7,417,75,2,2,4,15,50,1.01
4837423,2026-04-19,Osasuna,Sevilla,home,2,1,61,15,9,548,80,4,3,2,11,54,1.8
4837423,2026-04-19,Sevilla,Osasuna,away,1,2,39,8,3,357,67,1,0,6,13,46,0.62
4837424,2026-04-19,Rayo Vallecano,Real Sociedad,home,3,3,58,24,16,466,83,5,2,7,14,48,2.73
4837424,2026-04-19,Real Sociedad,Rayo Vallecano,away,3,3,42,13,10,342,75,4,2,13,12,52,2.45
4837425,2026-04-19,Atletico Madrid,Athletic Club,home,3,2,54,6,4,599,85,6,3,4,8,53,2.03
4837425,2026-04-19,Athletic Club,Atletico Madrid,away,2,3,46,12,6,518,79,3,1,2,12,47,1.03
4837426,2026-04-19,Getafe,Barcelona,home,0,2,26,4,2,231,56,1,1,5,15,29,0.6
4837426,2026-04-19,Barcelona,Getafe,away,2,0,74,13,7,645,89,4,2,2,8,71,1.82
4837427,2026-04-19,Villarreal,Celta Vigo,home,2,1,47,13,8,517,88,2,1,3,13,58,1.91
4837427,2026-04-19,Celta Vigo,Villarreal,away,1,2,53,9,5,584,87,5,4,6,16,42,1.85
4837428,2026-04-19,Real Oviedo,Elche,home,1,2,60,12,7,505,81,1,0,2,21,42,0.86
4837428,2026-04-19,Elche,Real Oviedo,away,2,1,40,4,4,331,77,1,1,7,14,58,0.42
4837429,2026-04-19,Valencia,Girona,home,2,1,37,12,8,352,79,4,3,4,22,50,1.86
4837429,2026-04-19,Girona,Valencia,away,1,2,63,7,5,595,85,2,1,6,8,50,1.28
4837430,2026-04-22,Athletic Club,Osasuna,home,1,0,35,7,4,327,76,0,0,4,12,42,0.35
4837430,2026-04-22,Osasuna,Athletic Club,away,0,1,65,8,5,599,83,2,2,4,11,58,1.21
4837431,2026-04-22,Barcelona,Celta Vigo,home,1,0,61,10,5,742,92,2,1,5,13,67,1.46
4837431,2026-04-22,Celta Vigo,Barcelona,away,0,1,39,6,5,481,86,2,2,4,10,33,0.78
4837432,2026-04-22,Levante,Sevilla,home,2,0,43,8,5,350,76,2,1,0,17,50,1.17
4837432,2026-04-22,Sevilla,Levante,away,0,2,57,7,1,468,78,0,0,3,16,50,0.26
4837433,2026-04-22,Mallorca,Valencia,home,1,1,59,20,13,554,83,4,3,5,9,52,1.62
4837433,2026-04-22,Valencia,Mallorca,away,1,1,41,10,6,388,78,2,1,12,12,48,1.24
4837434,2026-04-22,Real Oviedo,Villarreal,home,1,1,58,15,7,612,83,1,1,3,9,51,0.8
4837434,2026-04-22,Villarreal,Real Oviedo,away,1,1,42,7,4,450,81,2,1,6,11,49,1.5
4837435,2026-04-22,Real Madrid,Deportivo Alaves,home,2,1,60,24,15,659,89,0,0,11,14,71,1.2
4837435,2026-04-22,Deportivo Alaves,Real Madrid,away,1,2,40,19,12,439,81,2,1,13,12,29,1.67
4837436,2026-04-22,Elche,Atletico Madrid,home,3,2,72,14,8,715,85,7,4,2,11,56,3.23
4837436,2026-04-22,Atletico Madrid,Elche,away,2,3,28,6,4,282,73,2,0,6,12,44,1.05
4837437,2026-04-22,Girona,Real Betis,home,2,3,56,9,7,601,88,2,0,1,11,57,1.49
4837437,2026-04-22,Real Betis,Girona,away,3,2,44,7,5,472,85,2,0,5,18,43,1.21
4837438,2026-04-22,Rayo Vallecano,Espanyol,home,1,0,52,17,8,372,77,4,3,8,12,54,1.83
4837438,2026-04-22,Espanyol,Rayo Vallecano,away,0,1,48,15,9,346,68,2,2,7,15,46,1.55
4837439,2026-04-22,Real Sociedad,Getafe,home,0,1,66,14,9,547,82,3,3,1,13,59,1.65
4837439,2026-04-22,Getafe,Real Sociedad,away,1,0,34,5,1,284,60,0,0,6,22,41,0.09
4837440,2026-05-03,Deportivo Alaves,Athletic Club,home,2,4,50,7,6,455,76,1,1,1,8,44,0.51
4837440,2026-05-03,Athletic Club,Deportivo Alaves,away,4,2,50,9,5,451,79,1,0,4,13,56,0.82
4837441,2026-05-03,Real Betis,Real Oviedo,home,3,0,55,10,9,537,84,3,0,9,9,61,1.63
4837441,2026-05-03,Real Oviedo,Real Betis,away,0,3,45,17,9,447,87,1,1,6,4,39,1.13
4837442,2026-05-03,Celta Vigo,Elche,home,3,1,34,6,5,328,74,3,1,6,14,41,1.16
4837442,2026-05-03,Elche,Celta Vigo,away,1,3,66,15,7,647,89,3,2,2,15,59,1.62
4837443,2026-05-03,Espanyol,Real Madrid,home,0,2,34,17,9,341,78,1,1,9,19,50,1.02
4837443,2026-05-03,Real Madrid,Espanyol,away,2,0,66,16,11,671,89,2,1,7,16,50,1.47
4837444,2026-05-03,Getafe,Rayo Vallecano,home,0,2,57,13,5,362,64,1,1,5,7,41,1.12
4837444,2026-05-03,Rayo Vallecano,Getafe,away,2,0,43,10,7,275,65,1,1,5,22,59,0.64
4837445,2026-05-03,Girona,Mallorca,home,0,1,59,14,6,569,82,6,6,5,8,43,1.89
4837445,2026-05-03,Mallorca,Girona,away,1,0,41,9,6,401,79,2,1,6,25,57,1.07
4837446,2026-05-03,Valencia,Atletico Madrid,home,0,2,53,12,5,518,82,1,1,6,9,47,1.16
4837446,2026-05-03,Atletico Madrid,Valencia,away,2,0,47,20,9,460,82,3,2,4,12,53,1.62
4837447,2026-05-03,Osasuna,Barcelona,home,1,2,30,9,5,310,69,3,2,5,9,50,1.23
4837447,2026-05-03,Barcelona,Osasuna,away,2,1,70,13,7,707,88,3,1,4,10,50,1.61
4837448,2026-05-03,Villarreal,Levante,home,5,1,53,20,12,578,87,4,2,6,14,56,2.04
4837448,2026-05-03,Levante,Villarreal,away,1,5,47,12,7,513,85,1,0,7,7,44,0.9
4837449,2026-05-03,Sevilla,Real Sociedad,home,1,0,42,19,11,374,78,1,1,5,19,53,1.26
4837449,2026-05-03,Real Sociedad,Sevilla,away,0,1,58,6,5,527,82,0,0,9,11,47,0.16
4837450,2026-05-10,Athletic Club,Valencia,home,0,1,55,14,9,477,77,1,1,3,9,55,0.84
4837450,2026-05-10,Valencia,Athletic Club,away,1,0,45,7,5,389,77,2,1,9,7,45,1.48
4837451,2026-05-10,Atletico Madrid,Celta Vigo,home,0,1,56,20,10,623,86,4,4,1,11,51,2.11
4837451,2026-05-10,Celta Vigo,Atletico Madrid,away,1,0,44,3,2,484,85,1,0,10,13,49,0.38
4837452,2026-05-10,Barcelona,Real Madrid,home,2,0,57,10,8,555,90,3,2,2,18,40,1.21
4837452,2026-05-10,Real Madrid,Barcelona,away,0,2,43,8,2,427,85,1,1,6,9,60,0.6
4837453,2026-05-10,Levante,Osasuna,home,3,2,67,36,21,590,83,5,3,2,11,49,3.2
4837453,2026-05-10,Osasuna,Levante,away,2,3,33,5,3,295,73,1,0,17,13,51,0.41
4837454,2026-05-10,Mallorca,Villarreal,home,1,1,56,18,11,514,82,1,0,2,17,57,1.33
4837454,2026-05-10,Villarreal,Mallorca,away,1,1,44,7,4,411,79,1,0,10,13,43,1.04
4837455,2026-05-10,Elche,Deportivo Alaves,home,1,1,64,16,9,510,83,4,3,6,15,51,1.85
4837455,2026-05-10,Deportivo Alaves,Elche,away,1,1,36,12,7,286,73,4,3,8,13,49,2.24
4837456,2026-05-10,Real Sociedad,Real Betis,home,2,2,65,14,9,646,90,4,2,7,12,46,2.44
4837456,2026-05-10,Real Betis,Real Sociedad,away,2,2,35,14,9,341,81,3,2,7,9,54,1.44
4837457,2026-05-10,Sevilla,Espanyol,home,2,1,64,21,14,479,75,1,1,6,14,52,1.26
4837457,2026-05-10,Espanyol,Sevilla,away,1,2,36,10,7,270,57,1,1,12,17,48,0.71
4837458,2026-05-10,Real Oviedo,Getafe,home,0,0,46,8,6,392,71,1,1,13,9,53,0.47
4837458,2026-05-10,Getafe,Real Oviedo,away,0,0,54,22,13,460,75,1,1,5,16,47,1.37
4837459,2026-05-10,Rayo Vallecano,Girona,home,1,1,59,18,12,543,80,2,2,6,10,51,1.51
4837459,2026-05-10,Girona,Rayo Vallecano,away,1,1,41,9,7,378,77,2,2,10,9,49,1.11
4837460,2026-05-13,Deportivo Alaves,Barcelona,home,1,0,24,9,6,225,58,2,1,3,14,52,0.95
4837460,2026-05-13,Barcelona,Deportivo Alaves,away,0,1,76,8,3,714,88,0,0,6,8,48,0.4
4837461,2026-05-13,Real Betis,Elche,home,2,1,45,16,9,476,84,2,2,3,16,51,1.42
4837461,2026-05-13,Elche,Real Betis,away,1,2,55,8,4,577,85,0,0,6,13,49,0.35
4837462,2026-05-13,Celta Vigo,Levante,home,2,3,57,11,8,629,87,4,2,6,7,40,1.93
4837462,2026-05-13,Levante,Celta Vigo,away,3,2,43,14,9,466,80,3,2,6,10,60,1.47
4837463,2026-05-13,Getafe,Mallorca,home,3,1,40,6,4,364,70,3,0,3,17,57,1.28
4837463,2026-05-13,Mallorca,Getafe,away,1,3,60,9,5,543,81,0,0,1,18,43,0.35
4837464,2026-05-13,Girona,Real Sociedad,home,1,1,60,29,14,627,87,3,2,2,13,46,2.34
4837464,2026-05-13,Real Sociedad,Girona,away,1,1,40,6,5,417,82,1,1,14,19,54,0.45
4837465,2026-05-13,Espanyol,Athletic Club,home,2,0,63,12,7,547,77,1,0,7,9,43,0.84
4837465,2026-05-13,Athletic Club,Espanyol,away,0,2,37,11,7,321,63,1,1,6,14,57,0.72
4837466,2026-05-13,Osasuna,Atletico Madrid,home,1,2,59,23,9,552,82,4,3,2,15,42,2.24
4837466,2026-05-13,Atletico Madrid,Osasuna,away,2,1,41,5,4,390,78,3,1,8,12,58,1.63
4837467,2026-05-13,Valencia,Rayo Vallecano,home,1,1,53,12,8,490,79,2,2,4,9,43,0.97
4837467,2026-05-13,Rayo Vallecano,Valencia,away,1,1,47,6,5,433,77,3,2,7,20,57,1.53
4837468,2026-05-13,Villarreal,Sevilla,home,2,3,62,6,5,597,88,1,0,8,11,44,1.17
4837468,2026-05-13,Sevilla,Villarreal,away,3,2,38,13,10,362,81,1,0,3,9,56,0.87
4837469,2026-05-13,Real Madrid,Real Oviedo,home,2,0,64,19,12,646,91,2,1,4,7,47,1.35
4837469,2026-05-13,Real Oviedo,Real Madrid,away,0,2,36,9,4,357,82,2,2,10,14,53,0.95
4837470,2026-05-17,Athletic Club,Celta Vigo,home,1,1,58,27,13,597,82,3,2,2,14,56,2.34
4837470,2026-05-17,Celta Vigo,Athletic Club,away,1,1,42,3,3,428,79,1,0,12,11,44,0.26
4837471,2026-05-17,Atletico Madrid,Girona,home,1,0,47,17,7,467,81,2,1,18,7,47,1.98
4837471,2026-05-17,Girona,Atletico Madrid,away,0,1,53,25,18,529,87,1,1,6,9,53,1.7
4837472,2026-05-17,Barcelona,Real Betis,home,3,1,63,15,10,734,90,2,1,4,7,57,1.15
4837472,2026-05-17,Real Betis,Barcelona,away,1,3,37,7,5,435,83,1,0,7,8,43,1.02
4837473,2026-05-17,Elche,Getafe,home,1,0,59,10,6,464,80,2,2,2,18,45,0.84
4837473,2026-05-17,Getafe,Elche,away,0,1,41,4,2,321,67,0,0,5,13,55,0.13
4837474,2026-05-17,Levante,Mallorca,home,2,0,30,15,5,255,69,4,2,3,11,45,2.67
4837474,2026-05-17,Mallorca,Levante,away,0,2,70,8,3,608,84,1,1,2,15,55,0.39
4837475,2026-05-17,Rayo Vallecano,Villarreal,home,2,0,53,15,10,512,84,3,2,7,12,71,1.65
4837475,2026-05-17,Villarreal,Rayo Vallecano,away,0,2,47,11,7,453,80,0,0,8,10,29,0.57
4837476,2026-05-17,Real Sociedad,Valencia,home,3,4,55,8,3,527,82,4,3,4,13,49,1.29
4837476,2026-05-17,Valencia,Real Sociedad,away,4,3,45,14,9,434,79,4,2,1,11,51,1.79
4837477,2026-05-17,Real Oviedo,Deportivo Alaves,home,0,1,69,7,3,606,85,1,1,2,13,56,0.53
4837477,2026-05-17,Deportivo Alaves,Real Oviedo,away,1,0,31,7,3,273,71,1,0,3,18,44,0.84
4837478,2026-05-17,Osasuna,Espanyol,home,1,2,68,24,19,591,83,2,2,3,10,52,1.9
4837478,2026-05-17,Espanyol,Osasuna,away,2,1,32,7,5,282,68,1,0,17,13,48,0.69
4837479,2026-05-17,Sevilla,Real Madrid,home,0,1,41,14,9,393,78,0,0,6,18,64,0.77
4837479,2026-05-17,Real Madrid,Sevilla,away,1,0,59,12,6,556,87,2,2,10,12,36,1.24
4837480,2026-05-24,Deportivo Alaves,Rayo Vallecano,home,1,2,49,19,19,395,78,1,0,7,13,44,1.37
4837480,2026-05-24,Rayo Vallecano,Deportivo Alaves,away,2,1,51,15,9,413,81,4,2,18,14,56,1.77
4837481,2026-05-24,Real Betis,Levante,home,2,1,63,19,14,645,91,4,2,8,11,51,1.55
4837481,2026-05-24,Levante,Real Betis,away,1,2,37,15,9,373,83,4,3,12,7,49,2.0
4837482,2026-05-24,Celta Vigo,Sevilla,home,1,0,54,12,4,555,88,2,2,4,11,47,1.07
4837482,2026-05-24,Sevilla,Celta Vigo,away,0,1,46,9,4,468,85,1,1,3,20,53,0.75
4837483,2026-05-24,Espanyol,Real Sociedad,home,1,1,50,17,11,441,81,4,3,4,11,53,1.99
4837483,2026-05-24,Real Sociedad,Espanyol,away,1,1,50,9,5,447,79,2,1,10,17,47,1.11
4837484,2026-05-24,Getafe,Osasuna,home,1,0,53,7,6,312,68,0,0,7,17,53,0.3
4837484,2026-05-24,Osasuna,Getafe,away,0,1,47,11,7,274,60,2,2,5,20,47,0.75
4837485,2026-05-24,Mallorca,Real Oviedo,home,3,0,57,23,16,538,81,6,4,1,10,59,2.73
4837485,2026-05-24,Real Oviedo,Mallorca,away,0,3,43,7,1,400,74,0,0,12,8,41,0.23
4837486,2026-05-24,Real Madrid,Athletic Club,home,4,2,73,13,8,770,90,3,1,1,6,46,1.57
4837486,2026-05-24,Athletic Club,Real Madrid,away,2,4,27,8,3,279,70,3,1,4,20,54,1.23
4837487,2026-05-24,Villarreal,Atletico Madrid,home,5,1,48,14,13,528,86,5,1,3,3,54,2.54
4837487,2026-05-24,Atletico Madrid,Villarreal,away,1,5,52,9,4,576,85,4,3,8,12,46,1.19
4837488,2026-05-24,Valencia,Barcelona,home,3,1,24,19,10,235,71,1,1,5,11,51,1.27
4837488,2026-05-24,Barcelona,Valencia,away,1,3,76,11,6,730,89,4,3,7,8,49,1.38
4837489,2026-05-24,Girona,Elche,home,1,1,56,10,9,457,81,1,0,0,20,49,0.56
4837489,2026-05-24,Elche,Girona,away,1,1,44,3,1,362,70,1,1,8,20,51,0.29
